{
  "120.0": {
    "obs": [
      35.58961093802645
    ],
    "p": 0.132,
    "toy": [
      25.03465927225625,
      17.873838057937974,
      28.575212442185148,
      47.154314623643586,
      17.358244153190753,
      22.421755369447055,
      18.231681967263285,
      34.05542113404954,
      21.650145987216092,
      21.781184178478725,
      19.276528765542025,
      28.838935658997798,
      23.49954326099396,
      43.56652319990826,
      20.068139803479426,
      20.57702210159914,
      23.12473759741988,
      18.16876201123523,
      35.41558880274533,
      25.357463285727135,
      21.62049793147162,
      11.587766076554544,
      30.105950387049234,
      33.418709717654565,
      16.18167091986834,
      15.975642057746882,
      30.50490988738602,
      26.868039785178553,
      22.326856096027768,
      21.829974153704825,
      22.79592747551942,
      36.212759288275265,
      23.198896766654798,
      27.639814894559095,
      26.24912824985222,
      18.610362009152595,
      15.582522060911288,
      17.263720747287152,
      19.172273949414375,
      24.02909972857742,
      17.279773953094264,
      14.939610291628924,
      32.007014317619905,
      33.21174850669195,
      21.023021266380965,
      37.44060413532134,
      29.046618661544926,
      23.63236137203785,
      16.567961346903758,
      37.59508797220042,
      24.298342292226152,
      26.68361837195698,
      19.622595862347225,
      22.521246183780022,
      24.935974043000897,
      14.773250518890563,
      35.243521862794296,
      24.029038251188467,
      26.587222819798626,
      28.112144796534267,
      27.05226491855865,
      41.532765531068435,
      29.249821686265932,
      28.707920786451723,
      31.02984491900861,
      39.5296344847884,
      28.50524155500898,
      42.6118182037244,
      40.283495558906,
      19.785849758598488,
      21.052093261867412,
      13.365948183083674,
      28.91873334016418,
      48.47367326566746,
      35.982831313987845,
      36.21366799160751,
      22.95883464104554,
      15.020253223287,
      28.92165615648264,
      26.864264502168226,
      49.50170198445994,
      22.130083398988063,
      30.360864109912654,
      25.4424732762418,
      18.237130198926025,
      24.187545241773478,
      13.512578044828842,
      34.872435815828794,
      22.176110283704475,
      37.48184011133708,
      22.224478373056627,
      30.057549898185243,
      38.73602411126194,
      23.025099035643507,
      29.76585180326947,
      31.50257316007628,
      19.99529558527138,
      32.83124908305763,
      21.746846200781874,
      28.756415173185815,
      25.856776207052462,
      14.779674767443794,
      26.799006763925718,
      27.991630179676577,
      25.477018203833723,
      37.57028578606696,
      27.110632119154616,
      17.919591298516025,
      31.306044773016765,
      27.369483857117302,
      20.43715921942203,
      23.468332109412586,
      28.144888043330866,
      25.489753878959164,
      27.177570370346075,
      32.9403489590477,
      34.74588444839901,
      26.585846301393758,
      34.05666203289729,
      17.33049165000557,
      21.495215857212315,
      44.08374383181217,
      23.292160651661106,
      24.370031528880645,
      27.368728781111713,
      21.572029150316666,
      33.03499747382739,
      15.371046545238642,
      17.829642972566944,
      30.62766686512623,
      23.225015006799367,
      17.309683546402084,
      19.734529821587785,
      24.213962961199286,
      16.02107058306865,
      22.139825023863523,
      27.97330064138805,
      27.19936417863937,
      21.563625199552916,
      31.919110515336797,
      47.62397347695514,
      22.27960048813111,
      27.167521928007773,
      28.197650504698686,
      21.807238531589974,
      26.29269666320033,
      23.33290972042596,
      15.897892933237017,
      29.345283679569548,
      33.60568989327294,
      23.159169769423897,
      25.717800695718324,
      28.195277605002047,
      16.269085366009676,
      26.256242964627745,
      22.978518689335033,
      26.85603472074581,
      20.586500339333725,
      31.987625887151808,
      26.294012219674187,
      33.65538693087001,
      20.97904967717477,
      21.61707077916799,
      19.042413245093485,
      20.884902304664138,
      32.88998969264503,
      37.031038648645335,
      23.861091139144264,
      32.523125620384235,
      14.62992048450542,
      31.574238061220967,
      21.118217040711897,
      23.24795343743608,
      32.472934268720564,
      35.611099322231894,
      30.469897984614363,
      35.67149771282857,
      27.383006397329154,
      34.09977345835068,
      31.352950528693327,
      40.89230276711896,
      33.76755154359853,
      29.682562227921153,
      29.638175876280002,
      36.24823193141492,
      27.138443296287733,
      26.156230076107022,
      13.960992099731811,
      25.21101680924039,
      32.33353019288916,
      25.244393171014963,
      17.40155478746601,
      29.72736570532288,
      23.38934090967814,
      24.37468814953172,
      17.812641061551403,
      40.997053052728006,
      28.88330536403373,
      14.766437687263533,
      19.677443444634264,
      34.32343061611027,
      43.86553334445489,
      17.634493446763372,
      14.470498502327246,
      42.0651653485329,
      23.132692778330238,
      36.72224859650305,
      24.310057142036385,
      25.76407345671032,
      36.46972625821945,
      34.158996555634076,
      18.07421903188515,
      20.081942494114628,
      15.588593050480995,
      27.792619885367458,
      36.90272171002289,
      35.71049202755967,
      32.99286476836278,
      31.651894212140178,
      32.16267048782902,
      26.440165336607606,
      38.62863954014756,
      25.06033682445559,
      30.115917342467583,
      34.901730318088084,
      19.94732340121118,
      29.26787998130021,
      25.83070134078298,
      29.259122612340434,
      27.038025672933145,
      28.66157902744453,
      17.409375471070234,
      30.385352957513533,
      26.14025415530341,
      22.744942667661235,
      28.018317824113183,
      23.65114914348669,
      39.049569444301596,
      29.94851095355989,
      39.92294990794471,
      30.578058015533315,
      20.11788476077345,
      16.03927782462415,
      30.670647434846614,
      29.676053792180028,
      36.2522222543048,
      24.08947359027661,
      26.4655021378494,
      32.373788322162,
      19.609616048954194,
      22.13990993758489,
      20.192483946069842,
      18.168434444174636,
      19.638982110860525,
      21.23976149572991,
      29.343566507974174,
      22.05335937453492,
      19.981027262409043,
      37.2782657521966,
      22.88159377103875,
      21.183479923725827,
      22.075319564071833,
      29.17440405128582,
      30.910593551045167,
      24.097380555082054,
      37.04652913437894,
      23.397802225663327,
      18.505726822266297,
      20.318245330257923,
      13.766961460984021,
      28.69805711437948,
      21.610111589390726,
      23.195617982695694,
      25.376188577625726,
      21.653709551646898,
      24.00253082501149,
      34.25989028387994,
      27.103446780864033,
      29.973012550086423,
      19.967971485071757,
      17.83709278043534,
      17.992563510037144,
      42.47590867265535,
      29.685738851454516,
      27.628002173121786,
      17.0952667708043,
      16.50239639759093,
      24.126368644800095,
      13.39529918788321,
      47.899740141227085,
      20.199453757581068,
      30.103865186443727,
      32.57523988016328,
      21.01503971889906,
      32.33674886429071,
      21.906420049854205,
      26.817485919651517,
      23.850991514620546,
      39.46671374039579,
      18.40006503618497,
      33.44299507924006,
      37.58467329203995,
      32.81644606498594,
      27.716023644112283,
      17.872654080223583,
      26.136411466512072,
      28.38603760262049,
      19.92143444516114,
      41.612965886139136,
