{
  "120.0": {
    "obs": [
      14.66048245255297
    ],
    "p": 0.34,
    "toy": [
      15.401876578827796,
      13.209952882731159,
      10.33899191063756,
      24.399806964211166,
      20.951018084022508,
      18.279226370937977,
      16.39013333880939,
      6.4425662194807956,
      18.702985959778744,
      12.877781449125905,
      16.86864546950528,
      14.467419000353402,
      10.046957294707681,
      5.584677408729476,
      5.807715958002518,
      9.33973965217956,
      11.407515942188184,
      16.130225763874478,
      9.350787151484838,
      12.850579706599092,
      8.70910142894354,
      11.586878555583098,
      12.756632745167735,
      11.447680775749177,
      13.957605211267946,
      11.38665954651151,
      10.782776649506559,
      8.192791216235491,
      7.1364874026112375,
      17.912073946714372,
      15.016038442689023,
      19.33356516260028,
      13.914895421672554,
      12.514716477260663,
      19.640785262196005,
      19.533739967431757,
      13.944632911956433,
      5.979609892539884,
      6.505137619886227,
      9.105691156295507,
      9.165945065571577,
      14.760658186762157,
      16.15918021979087,
      19.23343717928219,
      8.822329293478106,
      13.397336060981615,
      11.754522092498519,
      11.619378780313127,
      11.193363702059287,
      16.876904838009068,
      8.566308758490777,
      12.030461430578725,
      13.575910651001323,
      11.672767719017429,
      14.064570493021165,
      7.313854184336378,
      14.92366703539301,
      8.357663554623286,
      5.237405087442312,
      5.979196693395352,
      16.99495755938551,
      13.659590825373016,
      14.588730709372612,
      12.437396092966083,
      6.524567457941885,
      9.487699667526613,
      8.235738855804811,
      6.890457651708857,
      28.9852957059411,
      16.03995914236657,
      7.966129276381253,
      11.519756184981816,
      8.200014652531536,
      8.078640870979143,
      9.09168593069262,
      6.904232583281555,
      21.048250516938424,
      12.5891404231661,
      15.244194897673879,
      10.497308699679706,
      8.560085264354711,
      11.440192544487218,
      9.28046019147223,
      8.773523494430265,
      18.070649088585924,
      8.737983036913647,
      15.240472587956901,
      13.456119841182954,
      15.11317805089493,
      6.684070151328342,
      16.57666577533746,
      6.522535334286658,
      18.330104699376534,
      11.571204494230187,
      13.154811198368407,
      13.51911966157786,
      11.26017940114616,
      13.702991298639972,
      13.03994389829677,
      15.133069438485109,
      12.41013251579352,
      25.016553039396968,
      11.241933961548057,
      8.979588933798368,
      4.154032533380814,
      5.426423295088171,
      11.315096052127046,
      16.268443707311235,
      17.335936875402695,
      8.835791291079659,
      15.064696459234256,
      11.192275100002007,
      14.284387726915156,
      13.908724315679137,
      20.408719952283718,
      10.95483118264383,
      11.666388363737497,
      16.454354899931786,
      13.114134993480548,
      27.358616555662593,
      13.397825721003755,
      15.200628737125953,
      12.316240461077541,
      10.855187901252066,
      16.055076124495827,
      8.529233757617476,
      7.594723409201833,
      22.730650410219823,
      13.906999272410758,
      11.382630872969457,
      8.670612756210176,
      10.550463027218939,
      23.868393278473377,
      8.274374967088079,
      16.336748208606878,
      25.88380177752697,
      20.96305443474921,
      11.18381582755319,
      15.567686774269532,
      15.664939505830262,
      15.475503727273463,
      10.03739617145402,
      13.289998551241297,
      13.648193109802378,
      18.00101109445677,
      8.56380782260021,
      13.63599035266816,
      12.04918877014643,
      15.074486282723228,
      14.182571807599743,
      9.512478204294894,
      13.607842853867623,
      13.155440099533735,
      8.528591856484127,
      13.222013739195972,
      14.14441894040283,
      14.026492717312067,
      7.153168834393,
      7.956588208482572,
      8.42903471277532,
      18.35880110452854,
      14.533484488500108,
      16.762330808633124,
      17.801137313614163,
      8.321195173059095,
      9.915180608120863,
      6.6200608590006595,
      12.287989338965417,
      10.185388486534066,
      12.83995458809295,
      16.197359831006906,
      16.03944577841321,
      15.197923180352518,
      11.209200447821786,
      9.893078424116538,
      11.585973168334021,
      18.79761552234413,
      16.23578156746953,
      21.412006098315032,
      14.951628688872006,
      4.73496389853608,
      10.962354528735887,
      11.72914161796507,
      3.472857292908884,
      6.362611824773921,
      15.721266163003747,
      14.171450521658699,
      10.56485814307598,
      11.376880786425318,
      8.243467603420868,
      7.043844224834174,
      10.606248256895924,
      8.108630080543662,
      15.593321815144009,
      17.54281872084175,
      16.264595956887206,
      16.224256489120307,
      6.015476894775929,
      12.957070903808926,
      7.934046247894003,
      3.2080526938552794,
      6.2723312893394905,
      7.231843216479319,
      7.223885356877872,
      3.4646780267103168,
      9.888400178453594,
      17.06244730770777,
      11.691409628627298,
      6.572062051673129,
      24.025256094850192,
      16.49875119088756,
      13.698421552649961,
      11.255712546910217,
      18.190729493078834,
      23.920811691765266,
      20.82616700732615,
      16.181781123807014,
      9.610806573691661,
      12.78575175521837,
      16.494617647203995,
      15.322718488972896,
      21.756307528830803,
      7.275571621132258,
      9.316969021921977,
      9.26852208929995,
      6.240484924579505,
      12.615614157431992,
      28.74454964103279,
      7.214841837485437,
      10.764182963252097,
      17.14582194353352,
      13.107239805984136,
      4.736009542670217,
      9.634028207678057,
      12.745465703595983,
      13.234946847755054,
      22.44853523949132,
      10.60939401367068,
      13.204094174678175,
      3.1900006584219227,
      15.075267372150847,
      9.426152327865566,
      3.464079640343698,
      18.221948148966476,
      7.305644670046604,
      21.608656539945514,
      16.656398451032146,
      7.468690710684314,
      8.181548820139142,
      9.46322375274758,
      12.113083723208547,
      15.874499326146179,
      24.975336714727746,
      15.82288350273302,
      14.637070010456227,
      10.936983328097995,
      10.091487888184929,
      20.236047198246524,
      13.700957685035974,
      11.348142358827317,
      14.60811731512149,
      10.313695042714244,
      8.161633818472183,
      12.401426285454363,
      15.797750502155395,
      4.244295945409249,
      10.011993274943961,
      8.803195111067907,
      6.206442360540677,
      3.9092529350236873,
      10.584003995547391,
      6.392876746696857,
      8.360804767955415,
      13.51931032889479,
      2.997895550557587,
      12.35200874241491,
      6.406062081852724,
      11.063677235284558,
      10.82301891723182,
      7.294933172332094,
      15.529687319100049,
      26.017686382565444,
      22.093757005568477,
      12.414100066289393,
      9.590942851933505,
      11.932016118389583,
      17.549278732938546,
      9.434015060982347,
      6.71278577225894,
      6.452464411751862,
      16.824331874093332,
      8.945293193311954,
      16.03334295619061,
      4.402651657339447,
      6.306584847410704,
      5.6168145540541445,
      8.732821092136874,
      18.817218143802165,
      11.786087152715481,
      20.61682207325066,
      15.971670888946392,
      17.97594224155182,
      9.409073757306032,
      11.431709817479714,
      12.259649380703195,
      9.192167355420679,
      5.76289540965081,
      15.881961652605241,
      9.49358350435432,
      15.159141020878451,
