{
  "120.0": {
    "obs": [
      21.84089312949436
    ],
    "p": 0.05,
    "toy": [
      8.218289111406193,
      13.052456952838838,
      13.949813298680965,
      7.798279097180057,
      10.654942984601803,
      14.195152251926629,
      10.197333094340138,
      10.094731292629149,
      10.026787184327986,
      21.00168616278097,
      3.3514501252684568,
      20.90901562041472,
      15.24790857561311,
      18.423382083557954,
      11.94045793445548,
      13.96485373746691,
      15.990920867192472,
      8.56281782073711,
      6.6924393463013985,
      11.198246409268904,
      11.477476777938136,
      5.986235649215814,
      7.070053912328149,
      9.79679053755899,
      12.318635655636172,
      17.48310103744734,
      11.598195938549907,
      9.557495457509503,
      27.293423427985545,
      14.10944893982014,
      10.520516918579233,
      6.123945489474863,
      21.231752985957428,
      9.040589473639557,
      11.671143210594892,
      4.401393135831313,
      9.454887258616509,
      18.276024382630567,
      8.938345155347633,
      8.530589590907766,
      16.863144789105718,
      11.096207104794303,
      21.498280106738093,
      10.891872935950232,
      10.930449675001,
      15.477186022988462,
      21.628097532367974,
      8.113387438053905,
      7.111847537726135,
      17.473075659643655,
      10.417584234968672,
      19.082980751991272,
      16.84736979250738,
      15.672620694840589,
      5.108389364006143,
      11.929615341057797,
      18.785661594149133,
      11.313933162404282,
      7.126237832559127,
      13.339890780258429,
      9.417131020749366,
      13.589949961478851,
      14.476440933853155,
      13.420280357702723,
      10.59480440052721,
      9.434413151160697,
      9.715513051974995,
      6.895186880232359,
      12.379842486367124,
      6.457262181393162,
      14.508088913531537,
      10.197847636271035,
      10.568095371043455,
      14.600529602332244,
      12.13605200861275,
      8.344742677647446,
      17.396632156051055,
      16.7086278146744,
      16.11084472440416,
      11.95526618214717,
      7.806600254341902,
      13.158043463721697,
      7.515584838041832,
      16.048499655171327,
      11.599364332065306,
      13.74818354186209,
      20.966172457188804,
      10.78891030017985,
      22.379189324223262,
      11.389888840847561,
      24.082117811525677,
      11.835695391455374,
      10.717493966283655,
      17.45880489830597,
      8.967053531559941,
      5.9537187509085925,
      7.712239099881117,
      14.505952333773166,
      24.924601756087213,
      11.192913790680905,
      7.833195568255178,
      22.406367631170724,
      11.552284120574768,
      17.430787779398088,
      15.549441521274275,
      7.684405572686956,
      15.839186003071518,
      13.10970026711584,
      14.451612266271695,
      14.041001898633112,
      11.877151678188966,
      20.087418014751165,
      4.584865892786183,
      15.034694955014857,
      14.828638728027727,
      6.16023869536366,
      8.550543219549581,
      10.871835627833207,
      11.813701802078867,
      9.62434157478856,
      7.7300239572359715,
      14.654027258377027,
      7.344989763030753,
      9.219728662970738,
      14.311747000923788,
      19.9247341369919,
      4.204277252247266,
      11.479927545107785,
      4.898560181009088,
      11.707894435596245,
      21.6008114127726,
      18.17337816015788,
      19.837289850100206,
      11.865251969549718,
      16.548858012374694,
      15.395132401259616,
      4.30514208270688,
      22.296894941136998,
      9.113701152120484,
      9.01680241631766,
      13.045676704601647,
      9.55611784026405,
      13.275969306527259,
      9.610490937124268,
      16.027612421192316,
      17.652567365930736,
      12.307296792150737,
      16.352347193096648,
      4.154257053309266,
      15.496471226946596,
      15.222429387522425,
      8.722493871497136,
      12.095189683423087,
      11.249575323847239,
      8.115237158453965,
      6.55449217405112,
      11.05586938534907,
      23.20172434920096,
      15.827597626837814,
      17.995291159935732,
      17.07212693494148,
      14.128965343992604,
      7.887078569801815,
      12.616180492332205,
      13.882034634101728,
      23.421757684445765,
      7.361225742468378,
      16.2570062648374,
      9.557122122856526,
      11.147911052430572,
      5.21639314078493,
      17.183167012481135,
      15.71014338268651,
      12.098847283417854,
      19.334371555876714,
      10.737967669505451,
      13.349230920539412,
      13.252574894737336,
      15.852246759175614,
      14.10502256354448,
      16.312253964752017,
      27.431495664288377,
      12.560182421424543,
      5.1823811510366795,
      9.006280025518208,
      13.546939813604695,
      21.08542469249369,
      13.376655929620028,
      16.804741682684835,
      11.910929240148107,
      5.816817451872339,
      34.82310577990211,
      13.578384707052464,
      11.263433827512927,
      11.673842042993783,
      15.908321334874927,
      7.013434719938232,
      12.514551027499692,
      8.789387581160554,
      11.367274009768153,
      8.392359501689498,
      13.938085210942518,
      16.466994292852178,
      20.416074149463384,
      10.188900180546625,
      13.596351058728033,
      8.520871834094578,
      8.06571356533459,
      13.056223337534902,
      10.171655418169394,
      8.09405460222115,
      9.874558646904916,
      11.158161577939609,
      21.82634624741695,
      11.143763867097732,
      11.9188157067656,
      17.573525312407583,
      23.452817859171773,
      5.393798889417667,
      12.177081373632973,
      9.213771707574779,
      10.550699301602435,
      7.434468508854479,
      13.175462404051359,
      17.709898781038646,
      6.64424305520879,
      3.47069526845371,
      8.505582319481618,
      12.30796699673374,
      17.190553966782318,
      14.612782888740185,
      11.844057474929286,
      17.666921554962755,
      15.900158925553114,
      16.173960656720737,
      10.463263060555619,
      23.294913261186593,
      7.883238191945566,
      10.406567208698107,
      11.142577122718649,
      14.763236764436442,
      11.912484756372578,
      8.235882684424723,
      12.428862127653701,
      10.061852396996983,
      12.418712349175621,
      9.57507719932255,
      10.426753146806732,
      11.649906024191296,
      14.816723912801535,
      3.2639506361192616,
      9.532479013167176,
      8.285226812862675,
      18.699750485895493,
      10.396742118831753,
      8.64331418535221,
      10.954354769022757,
      17.033928205324628,
      17.519622697876912,
      17.248448164922593,
      14.075716499333794,
      16.317155301676394,
      12.996481052497984,
      13.296551531308069,
      14.581951912179647,
      14.634440168701985,
      17.942629338926054,
      18.885520186220674,
      9.881493315111584,
      13.771644095890224,
      10.595856834690494,
      4.611246368163847,
      14.18768591591288,
      28.393563150504633,
      26.562430289330223,
      22.798257002683386,
      8.986585854578152,
      12.14753781273248,
      13.520020293555717,
      11.579280714569904,
      4.967674801548128,
      13.151414531414048,
      9.661509857091005,
      10.953458231222612,
      15.31589307014292,
      17.92106906661502,
      7.842913270415011,
      10.43652399943312,
      10.559252255352476,
      6.975273174652102,
      16.277867291395523,
      9.755461668792123,
      5.031366725619591,
      18.49378679622896,
      9.643241027337353,
      9.610264810267836,
      7.154804103240167,
      16.05664285626699,
      10.004366761717392,
      6.927205863012205,
      9.6442154538272,
      27.41907858574268,
      10.43893477542224,
      12.613673553390981,
      13.16989235101937,
      10.65329637252944,
      11.35152194010152,
      11.606256536761066,
      20.996551208023448,
      18.368681335483416,
