{
  "120.0": {
    "obs": [
      113.57583316754608
    ],
    "p": 0.204,
    "toy": [
      93.82985438116884,
      63.0360108363966,
      127.46809573734936,
      109.32172309684393,
      93.31972228984523,
      109.3170186130883,
      96.47330191147921,
      97.18848685531702,
      134.1817756931705,
      116.6225941117882,
      90.91423604801821,
      103.91381755501789,
      80.13315784107544,
      108.5222182124271,
      87.85924783907831,
      80.29635707926354,
      107.65010991429153,
      108.91507720580557,
      106.92506238285569,
      124.19812037328666,
      106.39842092698382,
      91.56583169833175,
      92.43522023926198,
      102.43151882202073,
      72.67618197416596,
      112.23843564699928,
      78.78828772307315,
      102.36598107042664,
      89.03413801864372,
      105.21421742369421,
      105.61666552527458,
      91.57969220507948,
      86.93582745474123,
      122.13917339817272,
      126.3878806343273,
      102.02332785990438,
      99.94603140105028,
      107.48343542615476,
      83.36466573688085,
      118.42621423440869,
      107.79582084027061,
      104.60377531334234,
      103.36415048170602,
      88.98212871621945,
      99.21117747729295,
      109.8217842948361,
      96.09606610989431,
      116.36248972995963,
      86.34142677010095,
      93.71090037279646,
      121.88273123231193,
      89.64804837098927,
      78.65349249332212,
      122.20438559430477,
      106.58999323214812,
      109.39876867759449,
      131.2100322257902,
      103.65616606493131,
      116.93600737171073,
      120.23513140439172,
      125.98988796128833,
      89.37160712858895,
      112.66187268997601,
      94.63557178097835,
      106.02972781081917,
      88.68143297529605,
      86.10778676230984,
      109.2133685075969,
      105.38336662432994,
      91.61912387085613,
      125.80046270426828,
      113.45290018303785,
      102.60685134590312,
      78.90027725264372,
      126.27189977261878,
      97.7550315176195,
      85.79936921177432,
      99.37719577587268,
      126.2212136224698,
      105.02581393701257,
      106.50144969487155,
      90.09183321878663,
      107.09468161602854,
      94.69165761524346,
      92.30794269907346,
      97.93436447673594,
      110.3034231668862,
      103.44706960240728,
      133.9587078421755,
      110.57754870261124,
      90.25529861453106,
      111.32914576532494,
      102.47778505684983,
      107.28403365742997,
      97.09284229623154,
      104.86053706066741,
      115.13446389809542,
      101.20265030227893,
      87.87736541801132,
      98.3802308486629,
      102.52671138932055,
      97.68066678573086,
      86.13882809471397,
      92.23796714447963,
      106.65551852212229,
      127.38344897051866,
      121.96501918656577,
      98.63943805979216,
      101.67668997302826,
      108.08277611296216,
      98.50101690871816,
      104.01914876837691,
      84.50258297078835,
      104.17934815913031,
      100.68121591770614,
      124.98000189149752,
      104.25588572483684,
      104.76241852600651,
      116.8981724819023,
      91.81764844006102,
      106.84220999409445,
      109.77814614318777,
      112.59825597661256,
      99.66491734300507,
      126.92910327020218,
      111.76006811478874,
      118.92188915335282,
      101.67641099028697,
      131.22030431593885,
      100.18979110750661,
      84.64833500570967,
      111.15371782676084,
      99.558941937692,
      109.75693553560995,
      94.33918266859837,
      109.41154572906089,
      96.14588240205194,
      128.41271336746286,
      98.95899533617194,
      92.34984067373443,
      90.84334873323678,
      88.58172643434955,
      114.55295345104241,
      98.10267093643779,
      120.36911204880744,
      103.95525500379154,
      80.98564921709476,
      93.9140712175431,
      96.3342729733995,
      89.54662053647917,
      113.80668618698837,
      139.39548311418912,
      99.95288108440582,
      115.01177466384252,
      104.00030573892582,
      80.45098848665657,
      131.73699581914116,
      107.44131682273292,
      110.90421039781359,
      111.11751135103987,
      112.82198809940019,
      99.23581705955439,
      111.27777291656821,
      117.44196126483439,
      108.54041315503127,
      112.95012891298393,
      93.27780768905359,
      141.1728389994969,
      102.17243728686299,
      106.33367195933533,
      101.54607836299692,
      104.0607789317146,
      90.8687452540471,
      78.67177213409741,
      76.7941580072802,
      114.76369589037495,
      112.25285164151865,
      86.39912152613397,
      91.63548800164426,
      85.89524110734055,
      85.75825129094301,
      84.17778071576322,
      112.71400644240202,
      108.17517152514483,
      90.48735873249825,
      93.56438373765559,
      108.90118591896317,
      69.63729101876379,
      95.74355766680674,
      124.0596887307911,
      109.2749600582174,
      99.63580783514772,
      104.0110942399042,
      91.28176261323097,
      115.49833838254563,
      91.30761420362978,
      94.74395757219463,
      87.67081490301643,
      106.3178780645394,
      105.27200002400787,
      94.9200435900566,
      76.79226595525688,
      128.01795958205184,
      109.30675488486304,
      104.33171336501255,
      95.02048370946432,
      94.80481471515668,
      116.02008577964443,
      91.48297677873052,
      95.76882459301851,
      114.04392457647191,
      108.04274305213767,
      120.61902317077329,
      113.67832286661724,
      98.70175932403072,
      107.05352525321359,
      108.39356338468497,
      122.7308399877511,
      97.25038943889376,
      99.2543821252475,
      83.84840459932457,
      102.92859938404581,
      119.01042239449453,
      129.71399517536338,
      115.16728889994556,
      108.36593968584202,
      93.58335642579186,
      101.0168904116872,
      81.94301749001897,
      80.9148605602386,
      119.24758040547022,
      97.28040252366918,
      98.19509816778009,
      112.5543593128823,
      107.08200719652814,
      92.2794315090432,
      105.83697879253305,
      104.13727650296642,
      91.65792265566415,
      115.05719433179183,
      96.36201972265553,
      107.96271886661998,
      108.81145992859092,
      90.52652172553644,
      102.44739638331521,
      78.65865375874273,
      78.72864120946906,
      112.30281958651904,
      107.74777149772854,
      107.9804562232166,
      94.66798262586235,
      117.02877202627133,
      90.97958268049115,
      95.80160514322051,
      87.8330342889094,
      108.80081015193718,
      114.60495072804042,
      116.66748949444445,
      84.01916967511352,
      100.16955784092715,
      95.77259225494345,
      100.8113126806129,
      84.22676474248874,
      129.19417803059332,
      100.85785713611403,
      85.54769238445442,
      123.88415500710835,
      128.92188896267908,
      101.36611367638397,
      86.06701243047428,
      87.30958686694794,
      93.53745313153195,
      94.34629742223478,
      107.09113136264205,
      93.93451508520229,
      112.3118551762891,
      103.51678054960212,
      100.8061024537601,
      104.36794022914546,
      95.73426581424428,
      87.03447832993697,
      94.51318467430247,
      105.77139107578842,
      54.11738723600865,
      124.54795816951082,
      95.77667645284964,
      113.5178429603111,
      88.52893527006381,
      113.57902858470334,
      113.18992915758281,
      122.23808080553135,
      128.0557794092456,
      102.88141831714893,
      118.88731844577705,
      109.49819536879659,
      99.73050187599438,
      89.79866896066233,
      138.603012188687,
      94.93853057430533,
      105.7432960026199,
      97.10267927906534,
      106.47114860781585,
      105.5214075473632,
      121.03718983109866,
      92.78407645448169,
      100.68027483446349,
      88.24096599058248,
      93.1797604492458,
      132.78846438566688,
      115.60169605765259,
      133.01212550552737,
