{
  "120.0": {
    "obs": [
      23.10830932403769
    ],
    "p": 0.094,
    "toy": [
      17.671672988231876,
      16.74400061916458,
      21.136127440775454,
      18.644254661110608,
      19.070109102067363,
      21.726394223231182,
      12.45405911618218,
      15.481638263230707,
      22.783085949267843,
      11.030290277401946,
      8.033019176578819,
      12.625845407554152,
      12.658804235114076,
      7.521642831907229,
      15.336352639733377,
      19.853538041443244,
      13.346334495123301,
      10.819596885234205,
      14.550013245305308,
      23.32186646275295,
      16.003381738959433,
      19.087092894093075,
      6.249832139630598,
      15.557296988597955,
      17.766624405932816,
      16.56492620347126,
      8.785743641037698,
      17.337085062910774,
      23.14455446257125,
      15.276316790856072,
      14.536272956520406,
      10.979051988768333,
      14.67681880751843,
      21.292487557981076,
      11.556363984454947,
      9.388692822310986,
      15.691605547850486,
      15.154648866770003,
      15.284923917024571,
      22.676082184505503,
      19.519095672385447,
      16.203107616038324,
      13.665839724675607,
      7.85995947345873,
      20.25046548334649,
      16.719227012788906,
      12.039045461238857,
      25.377262768724904,
      18.57664089059108,
      22.39747502638056,
      7.981918853995012,
      14.380132887981745,
      11.89701300262459,
      18.003353650190547,
      14.112099771537032,
      14.735833699633076,
      12.804588271996181,
      26.92735666619774,
      11.180980760444072,
      12.645949278343323,
      16.208705070454016,
      17.143125778973626,
      32.513540048679715,
      17.251997844479774,
      8.90657522789843,
      14.799931446155824,
      19.252521858772525,
      17.750608575039223,
      15.13845353826764,
      14.31302099149616,
      23.023416791122145,
      10.781769442368386,
      26.279946338079753,
      12.855767542372632,
      14.959378008283238,
      19.503263953258283,
      31.307125697363517,
      11.035737904829148,
      16.157731847033574,
      10.902384747183532,
      12.401943574081088,
      16.26716299286636,
      26.977066923645907,
      18.201661747531034,
      8.436655792793317,
      10.67292380377694,
      12.482844965419645,
      32.85761541235843,
      20.43002679141864,
      13.921026059342694,
      13.076325374189764,
      19.753315294361528,
      15.347786772399559,
      15.791211663126887,
      14.546680070467119,
      14.329524768676492,
      10.995064405524317,
      10.368956763995811,
      17.67200669999147,
      14.450742934532173,
      16.091229832793033,
      9.772204310862435,
      17.279423687701637,
      22.779874434985686,
      20.50755907794155,
      15.871831568558264,
      16.63251959414265,
      15.83121228379241,
      8.617775184462516,
      14.378712958325195,
      14.385706124077842,
      12.041395712058147,
      34.047610615889425,
      14.483367316421209,
      21.088949053533725,
      11.636709050937498,
      9.072825225845008,
      17.953169318316213,
      18.310415320560423,
      8.417255164982635,
      15.200849268243473,
      29.44385187498483,
      14.426354370829358,
      16.43374368253717,
      14.897239892925427,
      11.169956125850149,
      15.029369956697337,
      37.3566541626933,
      23.016201763835852,
      23.05264092616926,
      17.852293043277314,
      12.892235115843505,
      13.524402677136095,
      14.177937489032047,
      14.04048260608397,
      17.137327458211075,
      10.93364144831503,
      36.60468183512785,
      14.301599819569674,
      9.769600309893576,
      15.363652046813513,
      24.27717067179401,
      7.616687500056287,
      11.230823312638677,
      16.264274335786467,
      17.343417677253456,
      11.873246683378966,
      11.765974494726834,
      21.183611996610125,
      19.62711684734677,
      14.034023124866508,
      15.016927913842665,
      13.052299615403172,
      20.769732673154067,
      27.95213455901103,
      15.295653490113182,
      16.4077407457371,
      18.042838490775466,
      3.9064191942343314,
      8.484366946006048,
      9.805919386202731,
      19.532985983150866,
      12.181155155667511,
      9.141821699497086,
      26.093418519489205,
      20.70915351181975,
      13.18606301647742,
      19.2737177387462,
      14.39835580324143,
      11.52770720512126,
      10.594574274731713,
      18.322628162171895,
      26.006228909169295,
      12.816001975381369,
      14.02398929373885,
      14.100549358252465,
      28.32247984197238,
      21.431897699727415,
      15.294963472319068,
      16.461069628974656,
      11.81945024335073,
      24.210538936000376,
      13.132223335735034,
      16.97570645197993,
      24.977666445658542,
      11.814300406927941,
      20.621437236695783,
      15.22198240517173,
      24.327876491635834,
      19.060559314937564,
      11.255290899756801,
      17.686646293052036,
      8.779517319191655,
      15.733305163750629,
      28.373200716392603,
      16.780339123106387,
      16.75319337979454,
      14.85515753164509,
      9.091812115868379,
      11.004587136096234,
      10.574286960403697,
      17.039249490018847,
      6.79819759403108,
      22.18202369678329,
      5.10297478213397,
      9.7946509669855,
      11.40550975077349,
      9.811536413886643,
      17.693295876128104,
      15.428322703188314,
      23.46693368157139,
      17.198008537823625,
      25.049289582912024,
      7.945639235564158,
      17.261623263344518,
      8.72101078272317,
      13.656554463941575,
      17.069445943001483,
      13.25938520210184,
      13.755167495226488,
      14.55974407411486,
      25.89078006245836,
      15.832443791714468,
      10.582443892108131,
      11.430350491144054,
      14.917774017976626,
      9.518017239704932,
      19.385317882482923,
      13.266199358033191,
      16.585090264889004,
      23.00607942894203,
      6.438381736621523,
      14.256316031849565,
      11.966116894331208,
      6.297289476839069,
      25.810264909134276,
      12.012535198955447,
      22.246599653994053,
      8.322465144930902,
      15.612014052501763,
      16.305741658758052,
      19.347364849028963,
      23.17199928424816,
      8.849112778527342,
      14.17542414379568,
      18.249640448426362,
      21.213360572757665,
      15.065005812772142,
      14.754308297939133,
      13.992643237925222,
      20.288984365080978,
      16.54572440863558,
      12.574062539104489,
      12.925325315853115,
      21.941521880289656,
      14.208015640393569,
      13.81502912852011,
      11.686443423768651,
      21.769869742212904,
      20.674371950703062,
      12.176989162318932,
      26.071610098071687,
      25.275485247650067,
      12.002322313353943,
      17.702435486422473,
      30.685075078978116,
      16.33035214920892,
      9.778570948583365,
      17.39574360037659,
      12.47163773106513,
      13.208620926896401,
      21.01695381310492,
      6.832530026742461,
      20.286456275462115,
      16.17470790418156,
      14.018935467414849,
      23.439037798612844,
      24.944260510241293,
      19.823098882712657,
      12.153540335471916,
      13.203388224013906,
      19.0304753231394,
      17.650727503321832,
      15.13137433643351,
      17.433628747159673,
      21.786076692940696,
      12.878011890639755,
      13.700651832354197,
      17.312789963845717,
      12.673792191286338,
      7.782941481094895,
      17.59357835362971,
      23.043291002442857,
      26.972258863825118,
      10.644395812381845,
      19.535976122726424,
      15.343993967115239,
      15.66600917615142,
      7.336300263676094,
      14.848684655164107,
      10.646898655752011,
      20.48294214598718,
      9.242314393515699,
      12.794365592333634,
      22.57483215136017,
      18.956743300277594,
      23.807100974794594,
      11.281783883641765,
