{
  "120.0": {
    "obs": [
      20.609435573995142
    ],
    "p": 0.216,
    "toy": [
      18.065107847542095,
      10.094953150419315,
      19.82317360037632,
      14.177972766952735,
      17.263298977926752,
      11.479639516604948,
      10.849218165280035,
      21.122845522633725,
      14.439547178826615,
      18.519221648697567,
      9.397437850668211,
      16.527507537477504,
      24.34458042913684,
      28.335816100901866,
      12.97535667187185,
      22.377315587877092,
      13.674012917141226,
      30.861495397992257,
      11.38600763652721,
      20.52497389751443,
      16.16064835601719,
      20.012865401324234,
      13.36363664426608,
      16.050549779916764,
      13.951889741732884,
      22.99843335485275,
      24.44554362494455,
      8.046240278872574,
      9.250234670947975,
      7.309127411292138,
      22.298578073477984,
      20.62151367489787,
      17.249876364025113,
      13.68524803042601,
      22.92063360154134,
      7.302279847994214,
      22.30031243176927,
      8.7726453004434,
      18.786338642767078,
      10.535544615933759,
      19.231405048369197,
      8.788930676579184,
      11.020142908531852,
      19.181313174580282,
      20.947259991087776,
      18.361925232427893,
      10.467647109599056,
      4.915416228104732,
      12.761482803864055,
      15.354814029462432,
      9.533421174812247,
      15.233728928775236,
      11.748704493911646,
      13.786068400422664,
      29.792950596929586,
      22.239983862196823,
      21.357854329588008,
      10.728373516620195,
      10.80928331488758,
      16.694725388722873,
      12.650181620676449,
      8.487531507416861,
      21.567539731604484,
      7.492249965969677,
      12.995280842806096,
      27.199236330245185,
      12.895755870831636,
      27.650812605072133,
      22.632877141008066,
      12.704158745174936,
      15.937424720170384,
      14.41726360019311,
      17.297136333112576,
      20.63753462492241,
      14.405679329447594,
      22.80474676760059,
      18.747173686351744,
      24.33669661751992,
      8.618082031323866,
      15.779844786080503,
      12.717586995469901,
      14.587188666933798,
      21.551917313834565,
      13.135236947517114,
      13.347535050525039,
      7.600298857159942,
      10.762015518510452,
      36.76251253846931,
      10.036579446517862,
      9.429579700550676,
      7.1482634776657505,
      12.95749409232667,
      21.81625071504459,
      11.81004430878238,
      13.967678893266566,
      4.02828393253003,
      19.36807519283684,
      22.20983786508077,
      11.92088977032472,
      26.864144335209858,
      22.710721761832247,
      14.135875095780648,
      25.06127776152789,
      17.93010825519741,
      16.597889821608987,
      14.723794939622167,
      18.2458378555566,
      19.48908220163139,
      11.522032483837393,
      21.07011005736058,
      9.635800695548824,
      14.64435821268853,
      10.482062006260094,
      12.625116502596939,
      7.698265787908895,
      12.169238029338885,
      9.307592190587457,
      10.849490897631767,
      14.201818348541565,
      7.1073520071477105,
      10.84617761474874,
      21.778699286929623,
      7.928098793170648,
      11.70772764911817,
      18.85691687446888,
      23.26606272274148,
      11.174740727554308,
      15.566245607897145,
      9.874926428419712,
      9.879175472255156,
      15.729108003553847,
      14.316322757527814,
      14.555231746853678,
      25.25877717410549,
      21.1522851024165,
      15.051496193475032,
      14.370093853900471,
      25.291458781324764,
      18.701088556852483,
      18.681739917105006,
      7.615177370043966,
      20.439055583727168,
      21.230719668630627,
      11.579323212848976,
      20.552135033827653,
      7.807305898208142,
      22.54680595795071,
      19.02780907109627,
      24.87390818588392,
      14.909804942417395,
      14.36475158916437,
      30.878837255891995,
      12.426643044389493,
      13.056619395916641,
      35.668508458929864,
      19.021703238970076,
      26.48868999478873,
      20.838976690443815,
      17.569792374539247,
      23.443183830055204,
      22.47144588158335,
      8.53987517733185,
      15.261554650081962,
      16.375241893761995,
      11.709976464710053,
      14.81974109411749,
      23.604166352070024,
      13.372664244740008,
      20.671230941265094,
      22.002320212850464,
      8.908249477331992,
      12.79012078723099,
      11.99215213523712,
      15.454431103145907,
      24.210384946720296,
      11.937415727479674,
      14.658529424443259,
      11.800672608052992,
      11.539607923550648,
      11.302791773126955,
      14.16136989372535,
      21.05457451643815,
      17.98542982764411,
      11.001622617535759,
      25.5262522302437,
      16.108340114842576,
      16.526629447249434,
      19.741938820836367,
      14.786081184724026,
      12.079169617027219,
      14.546263632451883,
      11.094324904024688,
      15.395167036214843,
      10.100890169596823,
      20.650287174350524,
      13.068943478392612,
      27.085458640336583,
      14.880939673286775,
      19.818501529578498,
      17.239484889312735,
      18.847804832374095,
      13.729810645589168,
      10.310078969308961,
      21.306179777075158,
      9.340714720936376,
      16.83605258809257,
      26.19495240804099,
      8.409805916551704,
      16.821141385738883,
      26.520618699250917,
      16.004853088110394,
      29.36474948585237,
      13.146616412708681,
      9.412878353534325,
      12.858603685264825,
      19.073528790584533,
      16.947714808113233,
      11.795189731863502,
      14.631636032649112,
      12.028609813860385,
      17.94491237078182,
      17.608871311116673,
      7.354611840368307,
      9.630603119825537,
      10.412423675064929,
      13.103207115818805,
      19.194433343476703,
      10.915944113450678,
      30.835763731840416,
      20.19654369237105,
      11.109035958110326,
      14.6832883987081,
      8.261493471865833,
      14.470702337919647,
      21.104285463050473,
      20.24502040736479,
      31.476898785927915,
      17.831082995140605,
      11.222715961346694,
      10.107894843320537,
      16.25988579442128,
      15.809294631155353,
      16.95642995664457,
      18.11774922530458,
      22.002412244975858,
      7.919365800193191,
      8.680541388661368,
      30.170153138071328,
      10.454853352002829,
      21.331008783625293,
      19.603782612677605,
      19.381704673010972,
      19.138928033233242,
      15.284505126630393,
      22.56295615401541,
      10.718913985085237,
      26.297916769548465,
      18.707991179409873,
      18.630808354682813,
      11.926859605169739,
      12.158717027610692,
      11.008482534536597,
      13.488016099476226,
      8.129568847463815,
      14.964952897607873,
      11.375532503228897,
      14.502730532214628,
      24.366521846739488,
      11.7400491515873,
      15.251561224740726,
      9.60930751235719,
      13.021521423910599,
      21.70844174219019,
      6.0209830277417495,
      16.228325491967553,
      10.57342057990536,
      21.89416721177986,
      12.274409631674644,
      13.696060348538595,
      4.41760261318268,
      11.903981478066271,
      14.795252848864038,
      18.957267171437707,
      9.912085916548676,
      15.125068671550252,
      16.974204339094285,
      8.407665907285264,
      16.24488967571233,
      7.742856363671308,
      26.51628127015283,
      8.09914745280912,
      12.9230257409763,
      10.509006712301925,
      21.478716629841074,
      14.692330680321902,
      15.523050684467307,
      13.923448308487423,
      20.76220786165868,
      15.01278558863487,
      12.20288350591727,
      10.535855817532138,
      16.930413100268197,
      16.63021574728191,
      18.361313402569067,
      19.88515495456886,
      26.401823053209228,
      11.13374135855338,
      13.927131405118416,
      11.7518567644438,
