{
  "120.0": {
    "obs": [
      43.40141610284627
    ],
    "p": 0.1,
    "toy": [
      48.230599325594085,
      44.36432115545904,
      27.918182946865272,
      25.7991949069401,
      42.86480006429338,
      29.087139117640618,
      16.29967541628139,
      29.639781210760702,
      48.46021775213012,
      25.071330263002892,
      23.30610963399522,
      28.624265116712195,
      31.53873083525832,
      30.782955296424916,
      27.09816272831813,
      31.499106484297954,
      41.64180848779506,
      31.668647420505295,
      43.42088389277342,
      27.695510578603717,
      37.49818540873093,
      47.888242200970126,
      28.07985333369288,
      32.57779168977868,
      45.221514453704,
      19.048102807581017,
      33.85086166363908,
      37.76828439826204,
      25.8622722347136,
      41.64721201977227,
      39.49514895360335,
      34.86557645177527,
      30.950563369624433,
      21.40991287255747,
      30.103626499621896,
      25.948180924860935,
      30.706911026732996,
      22.751221086953592,
      27.01571017767128,
      28.476469717003056,
      43.24026272947958,
      22.054188095236896,
      40.636168143908435,
      50.91909274645877,
      35.22369314782554,
      22.013233254176157,
      25.666033860383322,
      33.49146933108568,
      22.940055017897976,
      34.8446124693437,
      36.34985195391346,
      39.544019285356626,
      29.68107474140561,
      29.083812385360943,
      25.423234413698083,
      28.915677701952518,
      42.260628634023305,
      48.587701277232554,
      21.65296955156373,
      22.46688589159021,
      22.328848101824406,
      39.42463771880284,
      18.842385828516854,
      26.442675839767617,
      29.193764825628023,
      28.949486417812295,
      35.46684029840981,
      24.302672016179713,
      24.23851820073469,
      15.298121395950147,
      32.34586475595279,
      20.71116231256019,
      31.73982807295397,
      13.778933470515767,
      28.092183655731787,
      29.578227055157186,
      30.2070370351139,
      31.466929396730848,
      31.664913805492688,
      24.373092227018788,
      29.39111236714234,
      27.76957192178088,
      33.82299344841158,
      33.94174590942566,
      42.1823899516894,
      32.682940773396695,
      26.500057960001868,
      37.18355592893204,
      56.578818117173796,
      20.564093692613824,
      24.690859003763762,
      44.201133080830914,
      28.378720334905665,
      35.37026693378721,
      27.64920252749289,
      37.03809282361908,
      44.375684334787366,
      34.318125344841974,
      34.43063746223925,
      31.745526146216434,
      30.57828831410734,
      36.737870441924315,
      18.269470022336463,
      39.88395608630526,
      38.44400913375284,
      17.597823203839653,
      43.35959371749777,
      20.04746946499654,
      28.564260599188856,
      51.24121142234071,
      40.2956517519342,
      23.02955473507609,
      31.583049938817567,
      34.35207898884255,
      15.392501277470728,
      24.743051842713612,
      42.95042740108329,
      31.453535657892644,
      46.11898850986472,
      32.32593847504904,
      39.11373627287685,
      35.240935502668435,
      41.83459832533845,
      18.108186505436606,
      24.997966054092103,
      30.911441884534725,
      22.403844859669334,
      32.6053010293399,
      38.31953199028794,
      15.131659336278972,
      37.89352591559873,
      26.745087392788264,
      25.598045272083255,
      24.988040738237032,
      26.394335731936735,
      42.224746814179525,
      40.62331477388943,
      54.119867437621,
      29.11329782323446,
      34.89755856205011,
      28.769884336456016,
      28.383857390348567,
      36.47455989921582,
      27.459646083734697,
      13.99921864343196,
      38.577475395431975,
      46.302713673750986,
      22.031155912984104,
      28.372358030450414,
      29.52156575583649,
      42.80648541436676,
      33.28840178949031,
      28.12516276144015,
      38.89866465878731,
      29.495148018853797,
      34.91365384805249,
      47.74297532827768,
      42.75825893801084,
      29.031348455842817,
      32.04772015335038,
      29.879788781581738,
      36.153209378120664,
      32.93873356955737,
      49.903268510977796,
      31.400190860629664,
      32.64879261619353,
      28.35007222888089,
      45.6829170629062,
      39.140594499214785,
      29.18545189296856,
      19.358899864462728,
      34.423319026194804,
      36.3111923158358,
      36.25739128145506,
      43.100882733109756,
      29.601905316732882,
      37.431250242269016,
      32.2739437408236,
      34.01680362989282,
      23.84930671317852,
      24.547266824083636,
      27.62936056194303,
      59.6354324498825,
      29.64548927089345,
      31.2453840691378,
      28.870416830381146,
      36.03025928786519,
      40.89621297352278,
      31.249411199336464,
      33.16461657328182,
      24.551191938633565,
      32.915496455767425,
      27.575389813719084,
      36.26556998088927,
      30.031508909618424,
      25.547925405313435,
      31.183852083449892,
      34.731199493136955,
      34.387336365172814,
      32.2612056918224,
      30.849334939892287,
      42.39714731833374,
      34.287785919696034,
      49.51613219180581,
      37.73829487153125,
      41.41578756886156,
      40.87732336590125,
      39.702045759317116,
      30.552153083735902,
      20.49033023006632,
      41.372869383230864,
      29.116131106151443,
      19.31137461817707,
      23.29438842977106,
      29.738221909821732,
      32.495108703195,
      23.812713982639252,
      27.265794019491295,
      44.555420979966584,
      28.308418776287,
      17.32388177627581,
      41.36613937559014,
      26.525488324725302,
      31.15068855175923,
      34.20782880020124,
      42.827105233423936,
      26.905508867908793,
      37.44541381354793,
      27.101230426706024,
      39.02868525801023,
      36.05247058409441,
      38.56519263795053,
      32.650298695814854,
      16.68074261048605,
      39.88211489848618,
      41.24662065371376,
      23.728472944989335,
      26.764381743087142,
      35.18170773317979,
      24.433633800283133,
      31.232952247650246,
      22.628935914472095,
      38.49618970639858,
      30.899540003942093,
      38.711779854835186,
      34.43643166429683,
      45.77156842340628,
      37.23891172148433,
      38.12700914913876,
      22.311531501494756,
      39.16621343022416,
      37.76631460459612,
      27.071900032322446,
      32.71963516194228,
      31.39996958654956,
      20.524462290013616,
      30.91234556305426,
      61.412589826548356,
      36.28851459448197,
      35.35616751337511,
      31.3762407324175,
      24.62786429062544,
      22.231655457500892,
      36.17494093654386,
      32.546723771964025,
      27.988676270324504,
      30.241619399690535,
      43.177543230805895,
      52.91514685466973,
      35.76084424813598,
      35.67548139915016,
      35.01003747958748,
      37.222754804264696,
      17.809969996029395,
      39.167273868275515,
      25.122460314174532,
      46.89729265344067,
      27.56183495259029,
      20.50332158281526,
      21.955507732651313,
      36.84438712599513,
      35.70784294321493,
      62.94250975664909,
      22.853524035512237,
      41.449807682220126,
      36.492041120051,
      44.785454554265016,
      14.701877058243554,
      24.078904332229286,
      41.14445899272687,
      29.532778826454887,
      31.090641477487225,
      31.107884960940282,
      22.889331878279336,
      36.29791054067755,
      26.809533609099162,
      30.277072835662693,
      28.585152491425106,
      37.566392274486134,
      43.720237078974606,
      29.415826621880115,
      22.608305083071173,
      31.197466326928406,
      22.50473553775373,
      28.12469946390047,
      21.752839685119397,
      48.508419464073086,
      33.92966317088576,
      21.192679157735256,
      43.91134623021935,
      26.842044886674557,
