{
  "120.0": {
    "obs": [
      69.99350074606627
    ],
    "p": 0.484,
    "toy": [
      90.70860779176292,
      80.84109008117957,
      64.08052341101575,
      76.77618245270423,
      76.89842194141966,
      83.1327992292936,
      66.09047177195316,
      62.80794846283243,
      73.10947476058209,
      52.37577803480963,
      81.76641393056343,
      72.93995975568396,
      68.28754487274273,
      92.33913449336978,
      71.13766034436412,
      85.5801780634647,
      69.65285378368571,
      55.15544460663659,
      58.91882825586072,
      73.46205517089402,
      75.74810281826649,
      64.35288677054632,
      65.75976954590442,
      71.53803432881978,
      49.199364137231896,
      114.94029050575045,
      74.93936139130528,
      91.41288640226412,
      60.51953054568003,
      68.29693737845082,
      73.49113805810339,
      78.38207740838698,
      77.5075782200147,
      92.05012331542821,
      95.71606675881048,
      66.18787394085666,
      68.53935560698301,
      87.77042077897931,
      77.43339146933431,
      45.09677049091988,
      73.13180420752906,
      66.10217710443976,
      65.39109003545309,
      65.73268896549416,
      76.38631111133873,
      73.75829662459728,
      67.04986728434596,
      71.19632360577816,
      68.65509243549604,
      65.66216266355332,
      72.98647283868195,
      63.47907800179382,
      59.347939122410025,
      88.97130662690324,
      54.858067977613246,
      63.35541422701499,
      70.65384013632865,
      82.228677148094,
      66.5738602109559,
      94.54043736722815,
      57.71275646045251,
      83.94574999035831,
      53.663197668109206,
      87.59416056604096,
      71.7017304961264,
      57.7411083496263,
      51.462397993956984,
      63.995266041572904,
      69.15509283281426,
      65.6050011351108,
      81.99349121932028,
      58.45026766042429,
      56.65732378971006,
      65.16377699865552,
      76.52282734913751,
      65.19888064271072,
      70.86074141463905,
      76.81463911861647,
      78.56972037694504,
      82.49244188350713,
      71.65798554503272,
      77.84781273730914,
      68.68598367222876,
      66.02179224661086,
      77.39706984904478,
      95.77165943915315,
      57.869761425718025,
      66.90339845052222,
      73.60914913337183,
      78.17856744958408,
      62.59556134293234,
      70.21835660780198,
      101.77025578141183,
      65.29116503913974,
      40.18680246931035,
      79.44909773478867,
      72.61537937907997,
      75.03104803669703,
      62.09366713897907,
      85.38834792351554,
      57.774088743695756,
      77.38663956134405,
      76.29238940111827,
      65.43459965816146,
      78.19134086053964,
      89.8312139747286,
      53.20324295166938,
      61.73952672943415,
      75.6233073019248,
      75.45391626020137,
      52.28816333024588,
      62.27053374947718,
      86.37927403666254,
      66.97039126617892,
      57.295603423517605,
      81.56434021747555,
      71.40608314775454,
      62.993121838480874,
      63.99389306645753,
      47.92696298093506,
      71.42625245455565,
      58.39837855661608,
      85.86236822342471,
      59.78867159108631,
      82.32207942301466,
      52.79441065018182,
      88.26095557550434,
      65.90400161920843,
      63.040028590141446,
      83.97630627641047,
      72.41879348988004,
      66.21997906104662,
      63.05373006759328,
      50.07816363587335,
      50.61729140237003,
      76.31251080438233,
      74.5012057130516,
      86.048388165902,
      69.30164582198631,
      56.69611008089851,
      86.83491397543548,
      86.46137141215877,
      64.2792838985115,
      62.1553992182744,
      72.56469516115612,
      62.07290543548879,
      63.33873406276689,
      90.46889398514031,
      97.16869727904123,
      61.86801348334848,
      58.20241852649633,
      72.08981603538996,
      69.21310407277633,
      86.5526934544614,
      66.93869637355965,
      82.28083077180054,
      64.54626127918891,
      81.97167790215462,
      80.57903262241598,
      78.9246109894957,
      57.39978440411505,
      70.81191571077215,
      58.36776497019309,
      61.956661529322446,
      53.76031295599387,
      81.10218273568171,
      60.67581778275053,
      74.04625767117977,
      76.00739758477721,
      65.35348667852668,
      86.33955358053208,
      97.03056047450809,
      60.637878770401585,
      80.28628339814168,
      54.33139967099123,
      62.31649780401494,
      58.73011304029933,
      76.87446685968462,
      65.2464786501805,
      71.93154595963279,
      73.6108258208842,
      94.84961180669052,
      50.95071289702173,
      70.23612498206785,
      94.54669038200518,
      65.24708235438447,
      74.68990538647631,
      58.8345537459536,
      68.2174127450271,
      69.49743330146885,
      59.44540543107723,
      77.73360024476278,
      90.59622536115785,
      68.13141832152178,
      65.51130478434061,
      79.08712109413318,
      83.89097252787906,
      57.93137540567841,
      71.48150209579762,
      72.74357112606958,
      47.80923251948116,
      65.04845955413475,
      57.36384464476578,
      60.124545164951996,
      73.87890482420335,
      82.83250462209253,
      70.31199239016132,
      60.479997449350776,
      90.58244177445158,
      68.94745856444206,
      69.94563868953264,
      73.13195794525382,
      66.61784597015503,
      78.80067721536034,
      62.62974752458831,
      67.98889242065343,
      61.65980388176831,
      96.13939004798885,
      68.50850892705785,
      67.83945635077544,
      74.78719183139037,
      84.53831639987038,
      64.87280955325696,
      76.78982415718201,
      63.125598165075644,
      60.77750203204778,
      81.52964138568495,
      64.27362624589296,
      75.52315702491615,
      55.088916285400046,
      61.49154488022759,
      65.14098484961141,
      87.60091349695722,
      70.69375543989736,
      62.30922667048435,
      65.59191398791154,
      56.69624475677847,
      67.04497668286058,
      66.67881657814723,
      53.14893958544417,
      67.25348268778907,
      74.80556572844216,
      94.51455864091986,
      66.80973403728422,
      64.06020013373927,
      65.8511864025204,
      80.2348474036844,
      71.92468886225106,
      70.14290751385124,
      61.048445667089254,
      73.21979347784509,
      80.71896988648223,
      69.1803857405539,
      73.92877718557429,
      55.310191064025275,
      74.75784620883496,
      66.5912693918508,
      69.89779980189633,
      83.8733948953377,
      53.8936988898422,
      48.70470752706751,
      69.64792750143533,
      80.16471383721364,
      69.04094259523117,
      64.87598096713918,
      77.06916912366432,
      80.80910030762607,
      78.3839680912497,
      64.92023398534366,
      85.6136109616491,
      63.535582252072345,
      81.9705544413664,
      80.62733753379871,
      81.42693783603318,
      74.71030401149619,
      90.70732616757596,
      58.71762080800545,
      69.92143852340814,
      60.427557238101144,
      74.36666951459483,
      72.79698434474267,
      78.96154973786906,
      78.86970513602137,
      62.108235498672,
      61.476972262738855,
      77.46731173778244,
      76.762605873344,
      69.7208143007374,
      86.47341309272451,
      64.50335990602616,
      55.11695552991296,
      69.43817780775134,
      73.38961402615678,
      59.944933213431796,
      68.87032576421188,
      73.89533524189756,
      55.09233919218241,
      83.93821167478018,
      67.67023046057147,
      64.39978534271359,
      65.98108798902831,
      81.29107561063574,
      65.32785586694081,
      74.1691271510499,
      72.38074965786655,
      70.22209789777844,
      78.57184536822024,
      65.78356961751706,
      69.17861766076385,
      76.69091020214546,
      65.1844439831184,
      55.35565471556038,
      97.38951368976996,
      62.231836208549794,
      72.34181557627744,
      83.57800577773014,
