{
  "120.0": {
    "obs": [
      62.8338518487144
    ],
    "p": 0.0,
    "toy": [
      34.34564472490456,
      54.459702525578905,
      26.319422044121893,
      23.61989079261548,
      33.00353447451198,
      27.277692815376213,
      31.900986720240326,
      47.88610794638225,
      38.734824433602626,
      35.970404153704294,
      25.23575471082586,
      22.750619052065304,
      35.23086690173659,
      29.34275905152026,
      32.62902497558389,
      32.20818250859156,
      30.30909115013492,
      35.98774419959227,
      31.506200874777278,
      40.91509907520958,
      47.350829143542796,
      28.37663313066878,
      24.8016658899287,
      25.426577247097157,
      37.53147472447017,
      32.544022572241374,
      32.55148594168713,
      47.223696385728545,
      19.53908155389945,
      28.890987102524377,
      28.939600129786413,
      35.21057476189162,
      34.06242180796107,
      58.53894946242508,
      24.686325526650762,
      47.568966367223766,
      53.40135604914394,
      44.650432731577894,
      35.77957420924213,
      35.42520709044766,
      46.45825327451166,
      32.58092919859337,
      30.05734471749747,
      35.27571803446335,
      23.93575169358519,
      45.25735850530327,
      24.77665634834557,
      48.3207840603427,
      26.384369113846333,
      43.272468034236226,
      37.11624320548435,
      36.70197460523923,
      36.185062404270866,
      23.1742427420686,
      21.254281246147002,
      35.210007665111334,
      31.104760676826118,
      21.541355847672094,
      36.78603424175526,
      36.889210022913176,
      22.943353919006768,
      21.22579721076181,
      29.865095051471144,
      46.69323623778473,
      30.236257626645966,
      41.432753349799896,
      27.948407195493928,
      24.329697106339154,
      31.86540805264667,
      40.447670375346206,
      35.68381623872847,
      21.278291358583374,
      32.849324881564826,
      32.08656541326491,
      34.88937434574473,
      37.182078860801994,
      23.743154574898654,
      25.49701426208776,
      38.061311644574744,
      29.1109623839875,
      31.230270367101184,
      30.796359071173356,
      39.18944569864834,
      45.57557041180553,
      21.99983805514057,
      30.130020279219025,
      36.03202655633504,
      34.084261986310594,
      32.5511543819739,
      26.17107284029771,
      40.35548516725248,
      46.69468291623343,
      37.422522766675684,
      26.524418030297966,
      17.998307302361354,
      38.044940720224986,
      25.366829388891347,
      27.61814569956914,
      38.964241247143946,
      30.95733334167744,
      41.69344475134858,
      32.61793437317829,
      34.741553067506175,
      26.39977178418485,
      30.931432260535075,
      23.519692846792168,
      32.05640997400042,
      34.05571963965485,
      24.84524219398736,
      29.401583063605358,
      50.919275488646235,
      39.95718884335656,
      26.291659631213406,
      25.82917187960993,
      28.818529327763827,
      26.475979018767248,
      43.122152749521774,
      21.79481324182416,
      47.38679282819794,
      33.14339883052162,
      23.0535704237991,
      30.215382444032002,
      44.91335459590482,
      46.01797091952176,
      28.51191535970429,
      32.37239948094066,
      40.219110103309504,
      35.41639594518347,
      27.354448007332394,
      40.59610580028675,
      36.09818124627054,
      30.2243219967786,
      38.32477605008171,
      42.069278710419894,
      37.89700929517858,
      20.114770832296927,
      39.30115711632243,
      34.061663443557336,
      25.696786279499065,
      38.818533637168,
      39.863286877342034,
      30.4341875211976,
      35.178547207280644,
      44.08797861877247,
      22.07778667692037,
      50.17626648893929,
      34.10919671425654,
      28.10285392490914,
      25.269323607746628,
      40.1282737677102,
      20.565498129610205,
      37.20124840493372,
      29.62204273531097,
      47.79309088269656,
      21.98829414899228,
      32.44941625733918,
      31.64706667236169,
      41.40179921296658,
      31.44854754311382,
      33.99256041178887,
      34.943286730733234,
      25.05076612069388,
      36.84508277682471,
      27.865741386514856,
      37.41393722902285,
      53.829673366446514,
      18.77594258301542,
      30.44102784259303,
      36.11758840904804,
      34.80493626954558,
      46.54637997946702,
      29.625239857952693,
      33.50046712400217,
      36.07669808612263,
      44.339576409052825,
      24.25011503449059,
      32.61032140626048,
      45.16541050851811,
      46.69199104279687,
      23.57990933326073,
      28.60563201182231,
      39.67875961493701,
      35.58740592550021,
      29.07520418400236,
      26.879930939045153,
      37.89017628777947,
      31.675095207465347,
      37.267170483231894,
      30.83045183966169,
      38.782377178940806,
      32.01138249265205,
      29.060994988511084,
      48.75016580194642,
      43.58711058675544,
      42.55289215006633,
      26.8523846828175,
      37.182977697302704,
      35.76722544696531,
      32.29900897979678,
      39.67541476737824,
      31.947832538819057,
      48.53936462724232,
      31.765886592998868,
      40.310955038745306,
      19.07152434742602,
      26.26703853836807,
      30.5588803517021,
      38.08419121683983,
      19.16850954554684,
      25.10262635795516,
      38.944110891010496,
      24.033014842745615,
      43.631769603525754,
      35.495746765082,
      41.464860366191715,
      24.044324039801722,
      30.581949312138022,
      31.86069036340632,
      31.01127602577617,
      32.87904711945157,
      31.560633123939624,
      36.567378335952526,
      32.27364309580298,
      34.15986750398588,
      41.80271707610518,
      34.61512973959907,
      29.54347074808902,
      49.375694066649885,
      41.834079116379144,
      42.1449605775415,
      29.032002325664507,
      39.08330126022338,
      29.49408448416216,
      53.56668825278757,
      39.73541200257023,
      28.032656648516422,
      42.817224987680675,
      51.208618976030266,
      38.85915109238704,
      37.142933038805495,
      24.46347119816346,
      23.23154157056706,
      47.444673736041295,
      43.069503437320236,
      40.40993818450079,
      39.46390843267727,
      35.36321975759347,
      31.66348426390323,
      45.607123607216636,
      26.022370532315108,
      39.200218113081064,
      36.159775923602865,
      39.04025730246212,
      28.56465008739906,
      43.437458875981974,
      33.96326090639923,
      39.89981148172228,
      27.56385026704811,
      42.09327860911435,
      37.49440498738841,
      39.627813924860675,
      18.094067453814205,
      35.12488164147362,
      34.8332118253893,
      38.30023820469796,
      36.12616460175195,
      27.882587152489577,
      36.79194760763494,
      27.369569915623288,
      21.56529118178878,
      22.78246911102906,
      32.46459384499758,
      40.75771005952265,
      31.9770526807406,
      34.107618948226445,
      48.5078150635527,
      27.25614238428534,
      35.34797237513703,
      26.62041619514639,
      22.735909403199912,
      51.378687592587085,
      32.89515414633206,
      40.27512701111846,
      49.17009217060695,
      17.367012517235707,
      28.00878728456155,
      43.1589654112322,
      34.707210288834176,
      26.888710414379602,
      24.496798645006493,
      25.338656273903325,
      33.151228628863464,
      33.840881994750816,
      25.221494427722064,
      33.44959584590106,
      28.119692649124772,
      36.33508755918592,
      34.147150889839395,
      45.343505281212856,
      35.3019003260124,
      32.397487484675366,
      23.518103201960912,
      23.706759840119048,
      27.42857243407343,
      26.765738389149192,
      32.565362681110855,
      43.18279447845998,
      31.99036937310302,
      22.811481022043154,
      22.039813268871512,
      30.88432766580081,
      33.32015616155695,
