{
  "120.0": {
    "obs": [
      76.92302410074626
    ],
    "p": 0.434,
    "toy": [
      77.23869678436313,
      91.25206366804196,
      84.27226685505593,
      66.23306841796148,
      74.0611097823712,
      84.76205050040153,
      85.69199736224255,
      79.5054442093824,
      81.09579155853135,
      77.60945557773812,
      88.84517408165266,
      70.69207917831955,
      61.50323739263695,
      75.05637312401086,
      94.06534299190389,
      77.12296473659808,
      77.10211915921536,
      99.14990831326577,
      73.72064435636275,
      78.1073997693311,
      88.77745994940051,
      86.48255913911271,
      74.0577547699504,
      68.28630461369175,
      64.74205813795561,
      69.76676595161553,
      63.20105677872198,
      82.43410565360682,
      102.4140397143492,
      77.28506093975739,
      75.21573522037943,
      65.70164883224061,
      78.02869994950015,
      60.42007873317925,
      74.26494310979615,
      79.68733263463946,
      75.75654631049838,
      66.73193745131721,
      70.64815790214925,
      66.57679112980259,
      67.1194558746356,
      60.77014636376407,
      59.89057216554647,
      76.2283296053647,
      79.27931050668121,
      80.07815477249096,
      69.78238373849308,
      75.53081068949541,
      62.13927873765351,
      84.24936326078023,
      59.44936584064271,
      84.23678500228561,
      78.75729846977629,
      54.983959476754535,
      63.56564619182609,
      68.61450326096383,
      84.27851998101687,
      54.2163272126636,
      64.44018907807185,
      75.56464893007069,
      77.4749365154712,
      77.67022184334928,
      76.15053473130683,
      66.42784987101913,
      72.36448586144252,
      88.7906870963925,
      79.3601874926535,
      87.30489994611708,
      78.13218722710735,
      75.63318401604192,
      75.23905743958312,
      58.76258485967992,
      70.33136660011951,
      85.42729954290553,
      79.63248166270205,
      86.58840358280577,
      83.03266053905827,
      76.75483858596999,
      64.43340400318266,
      68.60208455371321,
      56.11713792939554,
      69.75220347446157,
      86.83922960778,
      51.28993235755479,
      63.83174242754467,
      79.32229877365171,
      77.35450538186706,
      60.35586157467333,
      67.77375908641261,
      99.1212996688846,
      86.69396144920029,
      99.09423668761156,
      60.065530549240066,
      66.20739379097358,
      50.387538023875095,
      85.84825795987854,
      76.40528776118299,
      56.39271460240707,
      78.3454178312677,
      85.68198081801529,
      68.86463104904396,
      88.99352682629251,
      77.04950886475854,
      64.77050972916186,
      85.57720170653192,
      53.17712412335095,
      62.90623665894964,
      93.75489476314397,
      61.68436036485946,
      66.70163093603333,
      58.4302869347739,
      92.57275150204077,
      80.65308616164839,
      66.3515000527841,
      73.18289874214679,
      70.56613736381405,
      78.66396380003425,
      67.81471415763372,
      69.39797253441066,
      76.33340511497227,
      82.15151018460165,
      60.158163884538226,
      66.56460867603892,
      67.86040185709135,
      59.96894268799224,
      91.78181831730762,
      83.14229228129261,
      79.70928388016182,
      70.58949398892582,
      77.37185272719944,
      58.666026303573744,
      79.28361084288917,
      72.29567223074264,
      93.12643144404865,
      77.15731011997559,
      92.46792175708106,
      62.2473323699669,
      79.87773805766483,
      61.014873715961585,
      76.32366505402024,
      71.66860586058465,
      82.83055479673203,
      94.59618271989166,
      69.82339517842047,
      65.28757698927075,
      79.25023180342396,
      63.41951325815171,
      80.86544107203372,
      94.33613881201018,
      70.21481429922278,
      69.66982907630154,
      63.65982310791151,
      67.66683625269798,
      79.1240474403312,
      65.14827347404207,
      84.77664490690222,
      71.6116934667516,
      69.39468414711882,
      92.20237881728099,
      84.47692937814281,
      77.38264310764498,
      76.8570187879086,
      84.19651324569713,
      73.89273521990981,
      78.05316282148124,
      61.88111632340588,
      65.61716049615643,
      80.25986175629077,
      90.11166828320711,
      95.26729352585971,
      68.99979391208035,
      61.688897520216415,
      80.66331639885902,
      60.62107616706635,
      56.94138463662239,
      66.09951617108891,
      72.78041548127658,
      68.5792000956717,
      90.18227080069482,
      94.48188145706081,
      73.2969833110401,
      97.964007325907,
      63.002731157583185,
      63.62425485425047,
      71.25939028337598,
      57.190928220021306,
      77.61001055451925,
      71.67044387714122,
      82.32130726211471,
      76.95990438378067,
      73.50460557712358,
      68.52932278695516,
      67.86089636888937,
      64.54675790356123,
      59.04470796120586,
      91.71699199851719,
      81.6381905132439,
      88.18448766632355,
      90.53193644463317,
      96.79506066156318,
      65.11368229062646,
      75.93048441270366,
      93.15403192612575,
      59.38616593502229,
      68.76910415940802,
      54.54639566177502,
      91.2578166242165,
      79.47073744639056,
      58.18244489689823,
      70.95726676247432,
      89.9733552413818,
      86.90643076272681,
      66.49079480979708,
      97.38496956205927,
      75.40237561668619,
      72.36049821728375,
      66.78596291629947,
      67.32090525096282,
      75.97897856109194,
      60.53554311124026,
      64.42086211658898,
      74.6602190475096,
      78.16017229153658,
      52.120638668508036,
      64.31927162993816,
      52.83175225454033,
      69.16630181571236,
      58.46256037053536,
      79.33075013503549,
      88.81665965422872,
      82.91927548465901,
      60.91087477962719,
      70.05713083478622,
      72.66513963401667,
      62.458485525276046,
      62.334905267780414,
      72.71422207928845,
      62.61698193495977,
      84.5509201916866,
      57.863232386967866,
      85.9787724938069,
      59.647679526155116,
      60.79941747040721,
      87.76034724287456,
      83.27671573887346,
      68.64272765020723,
      72.98057816916844,
      88.32351967244176,
      78.64966348803136,
      86.18823766705464,
      87.61148536056862,
      53.75604014945566,
      98.9708329110872,
      62.43826710243593,
      56.78619155375054,
      71.04866020008922,
      77.8681597590039,
      64.36749585400685,
      80.61336606615805,
      104.22473106341204,
      76.9597112457268,
      79.06658041171613,
      84.18393524861312,
      76.72783999628155,
      73.95317082799738,
      59.35712568278541,
      103.436805165431,
      73.5573843070888,
      64.29185140386107,
      51.42552190629067,
      65.07941037300043,
      71.59818057477241,
      65.06546096174861,
      91.93226656885236,
      74.47277408925584,
      95.26297379651805,
      83.91150757277501,
      82.60533019879949,
      59.61529346430325,
      90.35556967940647,
      81.63372614706168,
      83.86537527156179,
      69.48909502787865,
      56.83132200228283,
      76.75145769570372,
      58.42146936428617,
      81.7258539912873,
      79.52294384903507,
      101.8266446343332,
      84.06787779694423,
      87.52308606740553,
      83.36007155908737,
      60.157488342840225,
      87.13980283553246,
      77.64567899677786,
      84.85446805407992,
      65.34375863865716,
      91.04172090860084,
      60.78567612671759,
      69.25340083611081,
      90.7774821628409,
      85.15560239346814,
      67.9826924004883,
      100.3163319908781,
      86.74457137737772,
      77.82744698695024,
      81.58891482639592,
      70.44977478706278,
      82.10585897284909,
      78.70765043766005,
      70.13051337012439,
      66.40958958584815,
      91.9118865620112,
      59.54423910283367,
      87.4194042836607,
      71.00559546690783,
      77.83411132876063,
