{
  "120.0": {
    "obs": [
      139.36609333084198
    ],
    "p": 0.012,
    "toy": [
      104.79870634066174,
      107.23239882464986,
      133.89706265169661,
      113.69760855881032,
      126.44722584477859,
      103.34144545375602,
      114.56798225239618,
      104.3969867277774,
      101.18010326643707,
      95.3348464058945,
      119.8720592117752,
      113.2428782962379,
      111.2464583828114,
      96.09128885460086,
      99.02427514409646,
      100.85646035399986,
      81.95236181473592,
      102.73925650736783,
      88.83643529762048,
      106.27231193997432,
      134.80344963853713,
      104.17767365154577,
      87.95350270054769,
      107.69222043955233,
      91.5276627971325,
      124.2677616578294,
      117.87881694885436,
      95.79993864538847,
      109.63221548468573,
      93.8532437098911,
      106.11683746171184,
      107.01189779769629,
      122.83233026677044,
      125.51913780911127,
      91.08670617803,
      116.18609560729237,
      104.93776669778163,
      113.7632420596201,
      111.35359146667179,
      97.1610948855523,
      84.9081301134429,
      94.33071629947517,
      106.53130214684643,
      101.35002278489992,
      113.40859783935593,
      103.27736692118924,
      120.55089130118722,
      120.51654674852034,
      85.37661947141169,
      104.28903352282941,
      122.33701525616925,
      94.85422975814436,
      95.9385426104418,
      110.44910235563293,
      131.58133285597432,
      125.69281019381015,
      125.38522176159313,
      108.32012353581376,
      85.66130143991904,
      95.16789328423329,
      100.2644096284057,
      122.7332781215664,
      113.32051438471535,
      131.1119935985771,
      110.8287727915449,
      112.27021511446219,
      120.1594064537203,
      136.0584197039134,
      102.37935750489123,
      87.35325681831455,
      87.450208185066,
      106.4238219705876,
      99.81212174863322,
      112.28034725750331,
      98.41428907716181,
      130.53214552119607,
      111.2393126845127,
      137.2091701970785,
      125.74281788454391,
      130.85240717849229,
      90.56933667173143,
      103.15714722679695,
      104.57071268348955,
      86.20735383190913,
      118.94780469825491,
      99.06774816784309,
      131.25885479786666,
      115.51020748837618,
      111.98561128490837,
      113.62290480424417,
      112.66971844778163,
      94.92890130070737,
      113.00384077895433,
      105.34769628377398,
      99.6936363602872,
      126.58680424711201,
      124.73373814387014,
      117.25633120565908,
      107.63865420373622,
      108.4137302308227,
      118.47244284499902,
      125.0989333630423,
      106.1145546148764,
      113.11378972552484,
      120.57132816739613,
      104.76877950818744,
      104.56823618581984,
      108.04188949597301,
      117.07434150989866,
      106.63799877237761,
      104.24237491522217,
      101.14910355547909,
      122.14287134056212,
      109.5649944996112,
      105.08842743741116,
      105.31659645168111,
      119.5870640843059,
      94.73805604770314,
      125.0549757987028,
      104.74088312411914,
      130.58574882807443,
      103.54132930299966,
      117.4041561621707,
      139.00614707916975,
      119.48228850314626,
      86.06278031336842,
      107.10318662738428,
      89.91205298918067,
      110.77601628511911,
      117.93690169753972,
      149.2615939276875,
      104.98973032442154,
      127.20451121235965,
      103.45389286626596,
      93.1261711922125,
      109.20550883060787,
      83.09163055819226,
      109.53792455547955,
      101.59872531809378,
      143.82983319845516,
      102.3385179610923,
      109.35414095944725,
      104.5402051997371,
      110.27057554270141,
      111.54906971217133,
      114.87383771222085,
      114.39567308675032,
      120.15318644087529,
      115.75755980313988,
      95.06023171904963,
      112.81647301808698,
      103.96036625956185,
      111.2826069239527,
      86.73038344155066,
      106.63985487294849,
      107.86476641206536,
      118.39404568873579,
      130.35822648653993,
      108.00234092760365,
      107.21030585421249,
      98.57015205384232,
      91.03710972121917,
      93.46589176647831,
      111.3637115478632,
      104.36449998727767,
      121.1169122600113,
      138.5708573673037,
      111.85359398741275,
      93.4338154567522,
      85.0612519554561,
      99.46933962858748,
      98.68085502361646,
      118.055576740182,
      86.7024332183646,
      108.19080822833348,
      111.37910583493067,
      95.73857688246062,
      107.21409655513708,
      132.31118107272778,
      133.96393672470003,
      110.96849052171456,
      116.19426843739348,
      130.72103910398437,
      98.89293644897407,
      96.5479739914881,
      95.45788060105406,
      81.97323506901739,
      97.60632395098219,
      116.7389619803289,
      132.3272824526066,
      121.08768105640775,
      129.1294628630858,
      104.80972970859148,
      127.9209141517058,
      112.23666944867,
      103.71270302619087,
      87.7858630628325,
      117.8471184783848,
      99.62013813055819,
      113.09970115573378,
      114.17958683561301,
      114.20210300880717,
      121.46917973092059,
      81.92574019089807,
      126.41092583263526,
      105.9516159282648,
      105.92337699019117,
      120.17192869150313,
      99.01713238947559,
      94.30377540906193,
      95.0820830904413,
      105.65363206510665,
      89.61878597759642,
      98.20613770734053,
      128.73252456646878,
      89.15866054833168,
      109.73949493950931,
      104.79048958572093,
      83.75245076935971,
      109.2455048726988,
      117.13695573224686,
      74.02869736705907,
      100.97815149312373,
      85.1519146077917,
      115.32708171848208,
      129.63044455996715,
      112.65296118828701,
      119.6713838892756,
      103.16306780435843,
      111.61303089896683,
      111.7531372543308,
      128.64673597580986,
      86.54249386501033,
      125.65588087908691,
      124.90737072570482,
      100.95591076591518,
      112.98129298276035,
      98.4582936676452,
      101.81313669594238,
      108.03877885022666,
      95.41292044945294,
      119.40555346559267,
      112.3621947345091,
      102.22995849640574,
      128.6792400640552,
      92.39912746567279,
      96.22628574853297,
      118.25884092529304,
      133.6172915401985,
      96.01444053818705,
      108.39171853900189,
      121.79835463390918,
      100.35535780689679,
      121.77507055731257,
      88.75029604753945,
      110.54483491706196,
      97.45085016143275,
      117.90902319957968,
      106.57506720162928,
      136.50464087579167,
      114.28456373373047,
      110.81595021206886,
      94.92346166068455,
      96.79594903299585,
      101.3928938160534,
      73.27104901528219,
      130.48836233845213,
      116.71317777957302,
      102.31029230897548,
      107.63406822428806,
      110.5746203683666,
      141.37676967098378,
      101.55170542473206,
      100.52798166475259,
      105.42915418732446,
      87.96605280251242,
      94.50247042579576,
      133.67488125752425,
      140.67689826636342,
      84.41340884397505,
      121.89750682900194,
      118.87233565957285,
      117.04849086137256,
      123.79055462352699,
      110.88313960761297,
      91.62860652606469,
      108.86730496713426,
      100.03256908984622,
      97.60527997516328,
      104.63390441640513,
      85.11963609495433,
      107.350210222241,
      95.843243785901,
      106.60026139568072,
      137.4082801595796,
      109.711649531906,
      132.4038794459193,
      127.75675422261702,
      94.87518762727268,
      93.38140990724787,
      98.72442393214442,
      85.24077135254629,
      111.8746051127091,
      87.46825803467073,
      103.0718154454953,
      79.55454437463777,
      118.58913566695992,
      115.05667850299506,
      119.83138858532766,
      94.87828794884263,
