{
  "120.0": {
    "obs": [
      31.27591215211578
    ],
    "p": 0.02,
    "toy": [
      12.520200877770549,
      11.553972682057065,
      10.965575583955797,
      9.299558309299755,
      17.265816825696675,
      22.920073798472004,
      14.476072376586671,
      23.09536667663633,
      16.652636796061415,
      29.722249822400045,
      28.871712417851086,
      13.686361261032289,
      12.735121916950447,
      20.676909478672314,
      23.00889686561277,
      12.320530526718358,
      14.523346036985458,
      11.396408099943073,
      20.495137660625915,
      9.843284535811108,
      11.623199847228534,
      12.63905575422541,
      7.28734947135672,
      13.759198171115713,
      15.083004286687355,
      11.066674149376922,
      23.264854791996186,
      17.602289214155462,
      23.525917529172148,
      19.16629454003123,
      14.439877869481279,
      15.905283382315247,
      21.114666304463753,
      13.862486444646493,
      25.310039938463888,
      13.27694765033084,
      22.112665347805887,
      13.726733676041476,
      23.769927164867113,
      8.087887541805685,
      25.747847151120368,
      18.39790158955293,
      23.115002207705402,
      10.209680323845532,
      9.907392557608546,
      13.759915626127622,
      17.278536700177938,
      13.781372595643916,
      17.288375924676075,
      9.591355958662461,
      23.16702190185606,
      28.127981399244163,
      25.228861893556314,
      29.86791767390241,
      20.415284897484526,
      23.115847423454397,
      11.533331716316752,
      21.305106006424467,
      18.515318988400395,
      15.660500916812452,
      21.54977401544602,
      12.577777350277756,
      11.09915255454689,
      16.145614760134777,
      28.789758223945682,
      24.077875356277218,
      24.748833579134953,
      22.579782996763242,
      24.74553229452431,
      10.737334789446322,
      8.660471817900543,
      12.061951687472174,
      15.007888242937042,
      21.942254709727422,
      11.607195644974126,
      19.72229495603824,
      14.190007335535483,
      15.96001171170792,
      10.277367592490918,
      20.75663950684975,
      16.742526366739185,
      16.561963571235538,
      13.884969611775887,
      14.782815454353113,
      11.59642389894725,
      19.445250193952234,
      13.124621185954311,
      18.85030344770348,
      27.449669390625786,
      16.69200427526812,
      19.225246011083073,
      12.833372779728961,
      15.090984908660175,
      11.011673296299705,
      10.434618316416163,
      13.058644232383813,
      39.43034485933458,
      10.918432770165964,
      8.805237255488464,
      9.223160418943735,
      15.850312451606442,
      16.408596843393752,
      17.172480639193964,
      8.905406283396587,
      7.049965549093031,
      25.353240092546912,
      15.83821292391076,
      17.64671894753701,
      15.37086688830459,
      17.744863865365915,
      15.811705532119959,
      41.11104351735412,
      14.762050860124873,
      21.686294289487705,
      14.366001105183386,
      12.031106094225834,
      9.382472357239749,
      21.27487746438419,
      15.362138002681604,
      10.331364141493395,
      19.25495520921686,
      26.31985604338115,
      24.397288442945865,
      18.427749855371076,
      22.229961766024644,
      7.357050352853548,
      7.252595779100375,
      12.454837834862701,
      12.272786915425968,
      17.88498559420259,
      23.25634979280585,
      9.06865998027206,
      13.064701936295023,
      20.05025729762565,
      12.341594000208715,
      12.058119985122175,
      12.390772940292663,
      15.359598053451919,
      11.490412971565092,
      21.54657743032294,
      18.293954486180155,
      17.82183246647037,
      19.985306825939915,
      20.351449965506617,
      14.218552353282575,
      14.003280013857875,
      16.86328194082307,
      14.375844658643473,
      12.342720351552998,
      15.76554028307146,
      16.06371538675012,
      18.466554368511424,
      10.943381599732675,
      22.050235680901096,
      19.913589749841776,
      18.678915271768346,
      17.372513675669325,
      15.17139403388137,
      13.433787106063392,
      30.480445679146214,
      35.69963930490485,
      14.039103971241275,
      16.237808246107306,
      17.82544773867994,
      9.980621994429384,
      13.29891454387689,
      8.467780003280495,
      14.093785271230445,
      28.31541923389159,
      12.421508334875398,
      17.94429283192585,
      11.113878425458097,
      10.132803117805452,
      20.492071174543526,
      17.185416218984756,
      13.61329352336179,
      14.177141218380712,
      19.467780241073342,
      13.051474265412253,
      16.804014230889152,
      24.054070481928647,
      11.04857744727633,
      11.715923888332327,
      7.710252208969905,
      27.302824815509666,
      8.456440039735753,
      22.306113832666597,
      24.294972885865718,
      15.141780157871835,
      7.761527214803209,
      21.65055935849523,
      14.28897691694874,
      14.151956881200022,
      17.956927522849583,
      24.752205526652688,
      20.515391522523714,
      9.248833354875387,
      15.45632116804336,
      13.237102198647335,
      21.703279000030307,
      25.592412032943685,
      16.514792163987295,
      26.35117151423765,
      27.182332700118423,
      25.060573195834877,
      17.498282204091083,
      11.098339597032464,
      16.1837088394459,
      22.58928673210903,
      13.762886657183117,
      14.869980188632326,
      19.965844808415568,
      26.782550534422626,
      11.912328019905544,
      26.896803836723848,
      21.980900584087067,
      15.84583267835842,
      14.373474855761742,
      11.835705389741634,
      10.889943886300898,
      9.563834097330982,
      20.33640358462435,
      21.801270930154715,
      11.114945457353315,
      17.96995093907026,
      12.898693827533862,
      17.069914938285365,
      18.901492375924136,
      16.630320335607394,
      19.927920717876987,
      15.05917787142971,
      19.858385678373452,
      25.52104359698569,
      11.43256813640619,
      26.762751589893014,
      12.903946803460713,
      17.4644253120714,
      16.320310798568244,
      11.861433830417809,
      20.702339697287243,
      30.715038176895177,
      16.742641691271274,
      11.067209391163487,
      14.181147841125494,
      12.247407653165283,
      10.114226201141719,
      23.620038845896488,
      17.75711602352385,
      10.8065777499869,
      14.200551037174591,
      12.700262896316417,
      16.031404163550178,
      15.90236343594006,
      10.12616155554133,
      26.45254452309746,
      19.259836427823757,
      23.24422462808434,
      7.827902639233798,
      16.64336586600257,
      28.121360633049335,
      19.081893598035094,
      20.106912874900445,
      20.00873785269505,
      9.954260495316703,
      10.167736463976325,
      13.931970460311277,
      5.068118923561997,
      22.597774610076158,
      7.4464210052829,
      16.575611763517372,
      11.065323692826496,
      12.21149796518148,
      19.224963991357072,
      15.161081390440813,
      21.07823843332153,
      18.75185713519022,
      15.632604759673995,
      13.88530485159572,
      7.722659628903784,
      21.692041077090835,
      39.878177051854436,
      18.887227773928316,
      22.322113308866392,
      15.243461149992072,
      18.163548851458472,
      22.588916353277455,
      15.460444495962292,
      13.479261735003092,
      13.082111821924627,
      20.212210800294997,
      20.396004308728152,
      13.250825399278256,
      17.27114486904611,
      10.56558065189165,
      10.736254164999991,
      14.722560678390437,
      12.873626237400458,
      18.635427112370962,
      12.192802530356857,
      7.270472527270613,
      11.974039657397952,
      19.112065306042496,
      15.472784601071908,
      16.490798282669857,
      10.787640952155925,
      21.714349412548472,
      17.473922387565835,
      19.24822510339436,
