{
  "120.0": {
    "obs": [
      33.64990052180656
    ],
    "p": 0.656,
    "toy": [
      30.096879724558676,
      25.827535734220874,
      32.72217630618252,
      43.65439403777418,
      46.159570151838125,
      22.94396224223601,
      45.942707118796534,
      38.6936392433563,
      25.498873302625725,
      36.820847096067155,
      31.94524894883216,
      35.52972064829373,
      22.45101132921991,
      50.69315854931483,
      37.61168606400315,
      28.136861639650306,
      44.63384631506051,
      29.830734546063468,
      31.381846384043456,
      30.967162030457985,
      43.340698798012454,
      43.53384899804951,
      52.67963057242741,
      43.86390776770713,
      48.097859695903026,
      28.92247089272132,
      47.802611370556406,
      26.081457259191666,
      49.891722122367355,
      35.49350158579182,
      39.0243539619114,
      46.593330061557936,
      47.06314878819103,
      24.75040156878822,
      35.28009614767507,
      34.061689449386904,
      45.6253658109199,
      27.728297278430546,
      35.96315277616668,
      44.13013833652076,
      48.25449838905479,
      32.207006538214046,
      37.73279526186525,
      29.316292717223405,
      40.51320266608673,
      37.60519309916708,
      46.20792140501726,
      36.89357241131074,
      40.73577205122274,
      31.955551231178106,
      34.528719983718474,
      44.70882089668885,
      54.23634769838827,
      32.46774828284106,
      46.83487337169936,
      46.07570563945046,
      38.68243174547388,
      30.20274371484993,
      25.688730416819453,
      43.6696293681307,
      33.674142785181175,
      36.1785903058626,
      28.595685061707627,
      33.93572723431862,
      36.12321618034912,
      67.28283386652765,
      30.696646722295554,
      38.379620452280506,
      27.746049456560286,
      49.23559962610307,
      32.65129968174733,
      23.962408678911743,
      45.80106936141965,
      36.520175701065455,
      36.41309331235243,
      45.485510585363954,
      44.54391851859691,
      32.81941143030417,
      42.81419957416074,
      31.149526930079446,
      40.914133829122875,
      30.614300219909637,
      24.18186964529741,
      26.454691923980135,
      50.70945485451375,
      28.80709558885428,
      37.112193514287355,
      24.269640331709525,
      46.533767347820685,
      33.834629335586214,
      36.85743396131147,
      33.67943068144086,
      35.60218100997736,
      51.07144884412992,
      37.53856291784905,
      26.34023512924614,
      42.2627061240637,
      29.883689641937963,
      49.59245854798064,
      27.746068783017108,
      37.233563960238826,
      44.499905200020294,
      35.99754506365571,
      28.596763448716956,
      37.1247079080058,
      43.34919717206503,
      51.27342982037226,
      34.5465401581605,
      45.998468507415964,
      46.92112311033998,
      34.151445440991665,
      36.94066488953831,
      46.836106681701494,
      44.745611631456995,
      21.388999196700752,
      37.54027445400425,
      25.817652848854777,
      31.80758186831372,
      26.28830815643596,
      40.176286859990796,
      53.99328377467464,
      36.373935293013346,
      39.10361496261612,
      37.61110029371048,
      35.800031776030664,
      40.760819676856045,
      38.41600005044893,
      28.755506955014425,
      31.343447641120292,
      40.19606716083945,
      28.596327567720436,
      26.858635917538777,
      56.02704409995931,
      44.285100507055176,
      43.899515035707736,
      35.166536307602655,
      41.25566130949301,
      40.952799706952646,
      34.93800736559206,
      18.16242786074872,
      23.546506728845998,
      36.220920979292714,
      35.88203714010888,
      51.65565235170652,
      32.454695098494994,
      45.30622478103032,
      40.00466526795935,
      42.05521166566177,
      50.03187772347883,
      35.43794180985424,
      42.93127364582324,
      27.14940883946838,
      35.18623742531054,
      55.68890207265213,
      35.12430613147444,
      42.66087119957956,
      33.0969487336406,
      49.553545059781754,
      31.880442091016448,
      39.15126657621295,
      34.7773812970845,
      39.52986528632755,
      44.04080813746259,
      40.83066818745283,
      37.750997016526526,
      30.65043319860706,
      35.888899640980526,
      47.24257121291885,
      34.288197448360734,
      31.15112830400176,
      27.200316535745515,
      32.389002649331815,
      35.452961333765415,
      33.451082664192654,
      41.79680159808777,
      50.66311073793622,
      29.203853748200345,
      48.92996611386479,
      36.43970626419468,
      27.437259594880743,
      42.99778230697848,
      44.391250926288194,
      27.763330980204046,
      36.08632380796189,
      33.474187443818664,
      29.261694288332365,
      30.695109491382027,
      34.277590488796704,
      39.57763804978458,
      34.98440952024248,
      20.88670897865086,
      41.5036912959913,
      45.99801668486907,
      34.93094331744942,
      20.371478333792766,
      35.870238218223676,
      29.987566562005668,
      37.145593665816705,
      43.514739210455446,
      48.18067853771208,
      36.343053038202925,
      36.93508474799455,
      33.66300699094427,
      30.059208829392446,
      31.6845704294974,
      38.25085615912394,
      47.06797773370636,
      41.97343650924449,
      61.06874475859513,
      35.35644022394263,
      34.89364788167586,
      31.071751594048692,
      51.02147071310901,
      37.43575555733696,
      51.070383315338404,
      34.51157995943504,
      44.905100520772976,
      42.09029628150165,
      37.797841000923654,
      31.20663818709727,
      31.491618770523928,
      28.683678407323896,
      45.81651606745436,
      31.591693240319728,
      50.49873787201068,
      36.200307325212634,
      34.1141433633893,
      38.46319939181558,
      21.770410778553924,
      35.25867278444639,
      41.42276447964832,
      32.777578506211285,
      58.39532319486898,
      30.01309942585067,
      38.22159763106902,
      29.03660949357436,
      54.36812266187917,
      57.81481836141029,
      31.56768473275588,
      30.60256082189153,
      22.45705367626215,
      43.98032174562104,
      38.136149360609124,
      47.19314605619002,
      40.53156212554313,
      28.178209893914755,
      30.947342754196143,
      39.86943483292998,
      32.827723061534925,
      49.8083291718649,
      32.68089730911015,
      27.914365936259856,
      58.29031603164913,
      35.7070238753513,
      40.93662436689192,
      45.50648304168135,
      41.4212954348186,
      40.35019192195614,
      30.436895609425846,
      43.7816666791914,
      26.969348556463956,
      37.592363215386285,
      35.7307195069734,
      35.45670923823491,
      37.432429402382695,
      38.394611424271716,
      38.312001604848774,
      25.570566502879956,
      32.612500738556264,
      25.985740097268717,
      44.40220482481527,
      45.134094872002606,
      29.515215868523228,
      36.23411600846157,
      28.18037176244252,
      24.451659761194605,
      34.2414143634669,
      32.93374515288451,
      41.509309996821685,
      33.342258303106064,
      38.17708761083486,
      42.21965504466789,
      38.64969376131194,
      30.670472760597477,
      28.976702608415508,
      45.85783414875914,
      39.37262129508599,
      38.56639807825559,
      41.58113549069094,
      33.63399469970318,
      36.60329860902857,
      32.87329048325773,
      30.539573363144882,
      24.502540438159485,
      39.394541594636394,
      45.0572546703188,
      27.643009878738667,
      38.55089934752323,
      32.87421521486249,
      34.344803494852385,
      39.31525980991137,
      23.553368241744465,
      38.32413450074091,
      42.03027143191139,
      45.83866407451569,
      32.23971260979306,
      24.962446855497546,
      34.45013068469416,
      65.8693288412178,
      50.05222471005982,
      40.17274884559447,
      61.1647730206023,
