{
  "120.0": {
    "obs": [
      34.35561623892863
    ],
    "p": 0.002,
    "toy": [
      13.19282672846748,
      7.61153935008042,
      18.49580756650539,
      22.65129081251507,
      22.232186049834127,
      26.130949838232482,
      17.626972535901587,
      21.22138705998077,
      15.870914681770955,
      19.997776734133367,
      8.357853649096796,
      12.457704036394716,
      11.54267164603516,
      20.256005849150824,
      22.27480503958941,
      16.65381172913476,
      27.261556697121705,
      9.218316115948255,
      31.50437377030903,
      16.874200864549493,
      7.01981314594741,
      15.806061524548568,
      5.452815266588004,
      12.147390288679162,
      10.866386859081103,
      16.565290492086206,
      22.22395119907742,
      19.89038210628496,
      10.229638627075474,
      11.788804035095382,
      17.422707449746667,
      14.57327837322373,
      20.414909936502227,
      27.119022711223806,
      8.022724318652763,
      15.99773973642732,
      17.553297915292205,
      7.940173017748748,
      25.83480806137959,
      24.668701344155124,
      9.522682861352223,
      19.646699982869904,
      13.325547218453721,
      16.203018403743044,
      16.70750841613335,
      25.62623688497115,
      13.991227049031295,
      15.857344380958239,
      21.500679163596942,
      15.286208860459737,
      21.76708994207729,
      10.752956519063446,
      14.877149521445972,
      9.053113334666705,
      10.431390707060928,
      15.914878409108496,
      18.913145694314153,
      16.368125749460887,
      16.286188433179632,
      9.12159574526595,
      23.222517314512515,
      18.971598789503332,
      21.71820312543423,
      10.843099652338424,
      26.23081333519076,
      11.926023747699219,
      13.024943316180725,
      6.077590909189894,
      12.221314794383943,
      11.897217218996957,
      10.622397390921833,
      17.010479053860763,
      12.62807833676925,
      10.634591268972144,
      17.851536519781803,
      14.055264062757487,
      19.929048181526014,
      16.828613149322337,
      11.018792104383465,
      8.61794290971011,
      41.2938375769736,
      21.533161340194056,
      11.371946395389386,
      7.276513253600569,
      6.608965539373457,
      12.878381229573279,
      28.06606047898822,
      22.553645669933758,
      13.676450158949592,
      9.960779220273253,
      9.390673381465604,
      11.484381520131137,
      18.148692689384916,
      10.720598351676017,
      14.645590818458004,
      14.457836681773188,
      20.54824143332371,
      16.810712481106748,
      7.660530981534976,
      10.163746024292777,
      23.378851311164908,
      7.047725144482683,
      26.20189192648104,
      16.811019989472697,
      13.729828147261287,
      19.37781153380638,
      13.126039876544382,
      18.782043611907284,
      13.494288206013152,
      19.06501644231321,
      21.08820025238674,
      16.38108489906881,
      10.480115823374945,
      21.28308363596443,
      13.693909224428353,
      12.034461340474081,
      10.411926138185663,
      13.488916277536191,
      24.618089461699128,
      12.161687095387606,
      10.308208662972902,
      9.566625465435209,
      30.59273180567834,
      22.631536591026816,
      20.42081761053123,
      16.44360483608034,
      25.78682019743428,
      16.000255909893895,
      20.508391493494855,
      17.060038460127544,
      23.068553336372133,
      27.503213919364498,
      20.0809113724099,
      27.371249555202667,
      22.024549393725465,
      9.531525202721241,
      14.868231007974828,
      10.556849894623156,
      20.66302408913907,
      16.182348280402948,
      13.539196454221383,
      8.750261957466137,
      17.5950526255765,
      23.282283881824696,
      24.129747585378936,
      8.17367548358743,
      11.616506510195904,
      22.62416509957984,
      16.493925180766382,
      6.368499685471761,
      11.892202799615916,
      20.38142769379192,
      10.165513976637158,
      17.82707500444667,
      12.259515935074887,
      14.478971567368717,
      23.800286253288505,
      15.504773622160428,
      16.53030523339112,
      19.75216074041964,
      25.898368955924525,
      13.448856551054632,
      20.689705204902566,
      16.48887019722315,
      20.451071678689914,
      10.464205568598118,
      22.172581357706804,
      13.494969990904792,
      10.113689899095334,
      12.28523918474093,
      10.697035933670122,
      14.66646606886934,
      13.997260422678664,
      31.146606313588563,
      13.134610410503228,
      4.613282100617653,
      24.833160658556153,
      12.705693078256445,
      9.131282752074185,
      19.10962873698736,
      17.700324783902033,
      29.253618782982812,
      18.864935827368754,
      9.503017624330823,
      14.125249703152804,
      15.763384772377321,
      12.771556032443186,
      25.005635549270664,
      17.455224879842717,
      25.169192593180924,
      19.758481430413667,
      14.367062915946008,
      13.464507473312551,
      18.315311388651025,
      16.916490877440083,
      13.389433317061048,
      19.667111092974665,
      17.077474868128775,
      13.400795896319323,
      11.316636640171055,
      25.898106524851755,
      17.541419368280913,
      20.79382135377091,
      20.244383797995397,
      7.671588098775828,
      15.148580112712807,
      18.140051828246214,
      22.792474844740354,
      23.830433925395482,
      12.937165067909518,
      22.30902273209358,
      24.03274224117922,
      7.5975223793357145,
      17.442070372548187,
      8.693138474409352,
      12.837060652193031,
      18.119027182416175,
      14.796400357416132,
      14.27760981002939,
      8.780206053357688,
      21.97474443828105,
      20.72208378929645,
      14.195323066975106,
      10.973896795345354,
      19.51252234968706,
      16.39225234546757,
      7.793564136271016,
      15.775268065699493,
      11.036889366529067,
      32.773397506112815,
      5.914406595300534,
      19.616643357963767,
      9.004584068679833,
      23.082874547268148,
      10.845276131047285,
      16.09226875093009,
      17.468914896206115,
      18.756357664213283,
      13.460563640255714,
      17.034279313185834,
      20.109036915571778,
      20.804954104838544,
      8.226627050593379,
      18.85872887034202,
      21.163973833827185,
      16.01737290478195,
      9.215687464224175,
      10.922510265314486,
      12.18508621690853,
      8.886272459465545,
      20.035473289201036,
      26.192303469782928,
      7.033474486597697,
      14.445802991875098,
      20.189775962935528,
      10.335134515960817,
      20.66761507000774,
      15.714728917795583,
      9.82270500746381,
      13.590130652228254,
      14.595694683419424,
      7.715180938670528,
      15.136018386605429,
      5.935707664495567,
      12.221371993640787,
      6.712150102175656,
      9.53379482323362,
      25.8218522752868,
      6.692669935524464,
      12.202085196986445,
      14.516296035100822,
      12.191221493310877,
      17.95984504095395,
      10.602700990028097,
      14.953177349030739,
      14.723681609364576,
      15.094109503537766,
      20.93248261185363,
      9.188372914970387,
      9.210957690855139,
      20.429468394548167,
      32.226845598226646,
      12.100545959503506,
      15.299356575793354,
      9.64520150172757,
      16.486502905390807,
      17.14492341884761,
      15.066697075497359,
      22.576141568890307,
      14.878678474240587,
      15.247402378998231,
      10.796721882987185,
      8.956883093371289,
      15.521828680532053,
      14.438279517446063,
      20.87667441526719,
      10.2896691676724,
      8.108017141683376,
      21.56953143492865,
      14.02696812938666,
      9.867279215643066,
      10.333339777222136,
      17.33308733161539,
      23.300714937140583,
      15.172738270441187,
      9.656614141204045,
      20.11001551580557,
      27.566965065634577,
      10.151011683206889,
