{
  "120.0": {
    "obs": [
      40.8144455501606
    ],
    "p": 0.302,
    "toy": [
      23.800915868298034,
      49.55243512216839,
      41.64868616181775,
      35.418952802268905,
      36.87407553821686,
      40.50049015157856,
      40.86881869005447,
      47.0312709716527,
      28.748230691548088,
      26.90129352461372,
      40.02870000564144,
      31.115155604144093,
      42.56487972055038,
      34.90783813082089,
      36.53972819252522,
      47.219263918465,
      26.24388569277653,
      35.38571717098239,
      32.952222519161296,
      33.8696003130608,
      30.99376999292872,
      30.530485679002595,
      27.762511264925706,
      32.701937914593145,
      36.13618181810307,
      37.515250270909746,
      43.878393439925276,
      43.803353406940005,
      37.60047254139499,
      53.48221227955946,
      28.852620266348822,
      31.09399568462686,
      36.46669017600652,
      47.761606270752964,
      38.559504467310035,
      34.52664802012441,
      39.89293035560695,
      32.31816993308894,
      24.491362988046603,
      34.98102079113596,
      42.869972989778034,
      34.315402248714236,
      30.624112891731784,
      55.15766411945515,
      36.11141300453164,
      45.2905817952269,
      38.742922327888664,
      50.66507807280868,
      28.09349597619439,
      28.077403150629834,
      39.7441798295913,
      51.19813624418748,
      45.200231895869365,
      32.499446729852934,
      39.0696105088864,
      34.351144244355964,
      32.69107751984848,
      29.896811164871906,
      29.29614040607703,
      34.98855309250939,
      37.66129136187374,
      57.00789120423724,
      39.31851101781649,
      38.57553088113491,
      33.52212140687334,
      38.33377352901152,
      37.361715980936424,
      46.05796790124441,
      52.30096420003974,
      37.796467319800286,
      37.12115811939293,
      45.721548125031404,
      45.17306666217337,
      38.76398129989684,
      23.960388498773682,
      31.492101951269433,
      57.78063891538477,
      59.9004800505063,
      26.973081748612458,
      21.09338944416959,
      56.360837038155296,
      25.589548726857174,
      31.529891717465944,
      26.139292494714027,
      34.62838727310009,
      39.79618362308247,
      22.971361610427266,
      40.31957579716982,
      38.887166367756436,
      41.32032852328848,
      41.62960656579526,
      38.388884517305996,
      40.00610485112702,
      27.468393423536327,
      35.794352522454574,
      22.95726857172849,
      39.24278761120513,
      24.881073043085053,
      30.04203509631043,
      31.619382154836785,
      34.36160161207954,
      36.457089348637965,
      51.89887704531429,
      59.037870402637054,
      46.57618355281011,
      25.478398216044297,
      29.192204495688202,
      45.131298679858446,
      39.663523017574335,
      23.868050547709572,
      23.806032598222373,
      43.23306911929103,
      46.81100074824644,
      33.662691253222874,
      29.86078227525286,
      34.82231962501828,
      46.963279640549445,
      22.988551016431302,
      33.96077406167751,
      28.556763721455354,
      37.80996714354842,
      30.945425683647045,
      40.51256017903506,
      40.51867218501866,
      30.762689561524894,
      28.153870104404632,
      38.947858875311795,
      53.19429431689787,
      37.70356056407036,
      27.82089624539367,
      33.780723144707736,
      22.656202669168124,
      33.4292093108088,
      39.90791799464205,
      27.073896991001675,
      51.86236611942877,
      33.46873105861596,
      35.01408062770497,
      25.520123743379372,
      25.91816275061865,
      39.44142020503932,
      41.66393828547734,
      54.17019871350203,
      29.632156942301663,
      31.293637298964313,
      52.41936780612741,
      34.646146700077225,
      40.25512489814719,
      47.205600686138496,
      28.870564583761734,
      27.055279528023675,
      34.491417970959446,
      29.804609571787296,
      40.355095997743774,
      28.210241277338355,
      26.88463616099034,
      37.602233295168844,
      38.511809598086984,
      28.801049970119493,
      32.657415722700534,
      44.00408303599397,
      39.577638366652536,
      44.51378586491046,
      43.99658802092017,
      31.850375661291764,
      33.309717246112996,
      37.94431513216114,
      36.85665399127174,
      37.314079001851496,
      33.256450066692196,
      34.74208401727083,
      38.318334370764205,
      46.74892099449062,
      43.27851486603322,
      36.61085109024134,
      22.47852814992075,
      43.920462253750884,
      37.44261379548698,
      32.35173483408289,
      35.23599213872512,
      41.993738810982904,
      37.42577870907553,
      33.20971649850253,
      27.50938976740872,
      38.38416880334262,
      30.333249328046804,
      31.630345213634428,
      44.21391153187142,
      42.561203852223116,
      33.731107365645585,
      28.49298309540609,
      48.76605664219824,
      53.03583189458004,
      41.14571238090866,
      40.93262062808208,
      40.40138016550918,
      30.907229590317,
      45.22820288852381,
      32.13600997919275,
      27.20205835318484,
      41.43878256280732,
      32.295535785204265,
      33.946138710249215,
      50.74191508156946,
      43.64303496661887,
      32.50762191343529,
      38.581366330676246,
      23.7916589336819,
      51.80103257272276,
      36.75532353515155,
      52.07437175870291,
      44.72610571929545,
      19.22264135736623,
      35.922051514615305,
      59.74893287598388,
      34.55933303749771,
      45.89359003424761,
      35.40108023463108,
      52.0262870399165,
      27.73704975095461,
      37.78616331057856,
      44.18885112967109,
      31.110510763697675,
      35.57983223561314,
      41.2215157069586,
      31.83920471467718,
      25.427387881311006,
      31.78027885837946,
      31.294015681560268,
      34.400288012533565,
      40.41711826027313,
      31.813163403989165,
      45.0298315105174,
      43.39813306000724,
      23.602908152184682,
      27.26192572778382,
      30.31275878303859,
      45.24688659206731,
      30.057182998250937,
      34.39093564049108,
      45.73384023280232,
      46.99083362030797,
      33.41777161200298,
      32.25434234239219,
      33.56721181406465,
      35.23982493510994,
      43.728012998530176,
      40.48519883150584,
      60.15112111023336,
      32.56921487404907,
      35.93335963653226,
      53.12498063413659,
      25.716296664526453,
      17.595043384993915,
      50.12456157561974,
      37.898508279555244,
      31.637450673399144,
      42.112504607008304,
      54.48263541815686,
      27.10709784901701,
      53.263222638182924,
      39.50102723391319,
      36.94491541336174,
      48.96516338772199,
      51.28689230745658,
      23.394190236140275,
      30.132127840741305,
      51.27726291907311,
      32.94052869998268,
      21.690917769796215,
      43.82683913920482,
      39.42777070075681,
      54.743380697400426,
      25.883664263645187,
      31.428935243660817,
      40.90883390464296,
      29.899235250268248,
      33.47827845871507,
      36.524878080017515,
      37.78658689041913,
      30.88469863370119,
      45.89427654288011,
      36.24657210134319,
      30.695781083166366,
      32.02626316518581,
      28.34553918839083,
      37.59010696345649,
      37.846734605991514,
      38.17955649836222,
      23.861206675690482,
      41.3994568350754,
      39.97492784800124,
      39.42673318662855,
      55.10051438186201,
      27.920614138318342,
      35.28718238802685,
      48.11812451420701,
      35.28064129425911,
      52.72976222750731,
      28.13528956977825,
      30.765914949777653,
      43.306784378015436,
      61.8959786817868,
      39.27593346203503,
      37.43272215824982,
      42.733875112986425,
      43.80658006602607,
      34.172911609581206,
      36.94075375594548,
      28.26518789594411,
      39.24457838576927,
      30.70756399288075,
