{
  "120.0": {
    "obs": [
      23.742525033347192
    ],
    "p": 0.156,
    "toy": [
      17.470578271488193,
      10.632303504178708,
      14.325813295341504,
      25.246935771385324,
      12.834629066644993,
      10.766585261881119,
      11.355700665386394,
      16.901372616703156,
      19.55056198823877,
      26.368741431171657,
      9.09786157252529,
      14.426106689432345,
      32.3203978943493,
      16.376072783823474,
      19.3258288987563,
      19.071643869443506,
      26.919467848529166,
      14.918430339406768,
      21.345557415654184,
      22.986313670757227,
      9.194643393610022,
      12.437236957761343,
      18.619000635466364,
      11.936362052620098,
      8.779418546466331,
      23.93079801426211,
      22.29492252003547,
      7.25021501750598,
      18.447391382258502,
      9.643960471083119,
      10.924916365351237,
      17.029039382745395,
      6.890953868634824,
      22.351966315109166,
      7.740857132630481,
      14.95355016063695,
      18.594447835312167,
      13.583868942012487,
      18.604508832147985,
      13.146378953148087,
      22.090087793461862,
      7.565037100612244,
      16.423146608234674,
      15.196859909425257,
      11.432049298316997,
      18.399434531020233,
      21.421161856625986,
      24.663852196790685,
      16.634392468462465,
      12.928413482972246,
      15.382387921548798,
      6.387741783204547,
      24.02906243463076,
      32.42090967622062,
      10.489155012575793,
      16.25229627006047,
      21.896789095379063,
      17.92430229079764,
      13.94581420122995,
      43.4485000700588,
      14.905625854444224,
      10.976132688090729,
      14.522017230890924,
      18.74048331607628,
      6.471001395249914,
      9.91991095150297,
      13.057610197931353,
      10.810335264264722,
      14.297205660877808,
      13.52474306851218,
      10.517406895458407,
      14.492978692062024,
      7.932550289100618,
      23.320605835484457,
      17.53026001440594,
      16.897288891988865,
      23.4120807014624,
      18.898646206172998,
      17.39557107337896,
      4.00545880277059,
      23.30510448636778,
      22.406470500063733,
      14.280275912562502,
      12.399798572449072,
      5.865051185712218,
      11.970926596637582,
      24.004856950639805,
      11.697887710535724,
      9.259290027985116,
      16.460190113713907,
      12.071513981209137,
      30.95856004045345,
      17.552768104731513,
      9.064535096818872,
      14.474244921191712,
      29.50533296728827,
      23.619319106153853,
      17.09569489360001,
      16.880527254623303,
      12.910880786570488,
      18.175250260967005,
      14.637790647277143,
      16.691938728523382,
      14.060301210956823,
      17.199229554906196,
      15.17458749935031,
      13.142946579231648,
      10.12716694206756,
      17.14550143332599,
      16.89936014351406,
      24.48147229340975,
      10.514241489610868,
      20.93352904499625,
      28.28116627578129,
      22.284444175384124,
      9.654564855831268,
      13.987883095709549,
      12.677281405602116,
      9.474564224030473,
      11.798061724868603,
      20.99655904219253,
      25.397241305057833,
      14.605548799059761,
      16.974892817626824,
      24.252557786945545,
      8.383262793635367,
      20.474906409079267,
      25.481857664417475,
      15.195420285315777,
      15.056012559398368,
      18.349906502648082,
      19.493180469340587,
      18.316598032906768,
      15.845185170932382,
      25.97860236210545,
      12.758711061695067,
      26.32728559595853,
      12.808172778190055,
      23.694016095214465,
      16.899007558422454,
      7.764573799860955,
      11.329924801386369,
      21.781415591387486,
      26.278110424893384,
      26.68115684188524,
      25.42825962859206,
      6.248776855885808,
      15.250928950867092,
      8.623251211058232,
      27.79960959820164,
      9.938454053502937,
      17.80664731113211,
      10.682985298211861,
      12.559143997277715,
      11.997370898621739,
      16.169785993661208,
      14.23920308372908,
      12.205735844516312,
      13.558584692487784,
      17.483408853557194,
      11.96877894509089,
      12.749784555082442,
      6.2868010338934255,
      12.057261762878625,
      12.63589867560222,
      20.980405834336125,
      23.65567384665337,
      12.990026802828652,
      18.693775224790443,
      12.75302811855363,
      16.50552247068117,
      14.75918479575921,
      13.284970844324562,
      13.34002983753453,
      10.013700785355468,
      17.419180046068504,
      22.763866945766495,
      10.67203735170915,
      17.554919921974943,
      17.548807988910994,
      8.048202521385974,
      13.122087291128992,
      17.02906149379851,
      9.890774629056978,
      13.935291957153822,
      24.711616501459503,
      18.825668021403544,
      19.20065242394776,
      12.878249059103837,
      14.545473749181838,
      25.18004984777508,
      23.30192784278188,
      8.62991209745087,
      15.596245607979654,
      23.420661959069548,
      21.81844368747261,
      27.144034090953937,
      10.666102495197265,
      11.399351080348424,
      17.14776627808169,
      28.302865978548652,
      20.61208093562891,
      14.909223061273224,
      11.500521475172718,
      16.636441447939433,
      12.71861067415739,
      16.97697483892989,
      14.46149722662085,
      9.671374708916119,
      12.436313279526075,
      12.483202269635512,
      10.444061358946783,
      9.246961183504027,
      19.636738583023543,
      20.433327006197942,
      9.338736897610943,
      13.081320375044015,
      13.792678773257649,
      13.428048436653626,
      22.46135186964966,
      6.867567766348657,
      28.2803500402224,
      11.50015828415053,
      8.644360308877367,
      7.3242244311768445,
      22.982329290396592,
      16.33255686321354,
      12.944138444407145,
      17.966367181696114,
      18.391071558689873,
      18.18186407921894,
      31.27139080262714,
      9.353000352653908,
      9.784435295710864,
      22.33133046290459,
      15.298558150330791,
      15.376149817973783,
      17.024977580389532,
      22.195949453227513,
      16.992816275305813,
      30.4070287596478,
      26.020447078321013,
      23.928846482820518,
      15.98366222417826,
      16.414049865750712,
      14.685208991904801,
      13.910976352352009,
      28.44244609375164,
      24.98789098954876,
      14.884660726675065,
      17.732312505322625,
      33.39840749706491,
      9.979335692092718,
      9.994335823204892,
      16.043548549285333,
      24.56572830191726,
      20.16829933027475,
      11.332997498808254,
      11.68575109248195,
      28.259406326287717,
      8.354097260387789,
      11.950646401608537,
      14.085686148013338,
      26.75893412201549,
      13.811441063662642,
      11.986922185140429,
      7.83443012436328,
      10.954249270864238,
      22.38235343645647,
      34.469802212828654,
      7.005599873496976,
      24.431315727269975,
      14.335425352488528,
      26.26637395567377,
      35.40762007688318,
      14.455365453715785,
      16.179051710278145,
      17.588604920754733,
      12.231493847400998,
      11.328971894748975,
      18.346116195032664,
      13.415434124188323,
      13.202980755100725,
      17.038840971719765,
      10.628864439378958,
      25.078137300428352,
      21.442418862861814,
      19.64477725494362,
      18.341041514548124,
      12.613351116291597,
      27.50650855715503,
      10.929215227697568,
      22.315824509358208,
      16.0266277536939,
      12.667669944981753,
      21.896797131659696,
      12.481049335990974,
      15.000337041958119,
      10.274166785588022,
      35.657141635078005,
      19.081109365703014,
      16.476482076192042,
      10.370557972011738,
      26.38155996761634,
      11.891605364093266,
      11.340905376586306,
      25.55944738000835,
      27.199354263939313,
      12.227321385027608,
