{
  "120.0": {
    "obs": [
      28.897936754539842
    ],
    "p": 0.04,
    "toy": [
      19.71896794816712,
      22.493460094287002,
      20.16795344469574,
      10.530370055792446,
      13.133499522067723,
      25.861640610608447,
      14.443232559540775,
      29.124667594980565,
      24.667105713953788,
      30.36622930716112,
      10.945916876844421,
      25.29697263797425,
      11.805891097348649,
      17.78832082912413,
      10.031019109468616,
      18.729118146642577,
      17.050293077925744,
      13.465827741209068,
      10.417254954445525,
      7.105385994793323,
      14.4115590077854,
      14.274294704802742,
      13.04620522231562,
      7.120648866301053,
      18.62356336970697,
      8.477349295746535,
      22.793752138037235,
      26.413948340748902,
      15.859758403967135,
      13.153319490702415,
      14.192666974828171,
      9.883926655515097,
      21.970473009947455,
      18.97396848112112,
      20.210517907697067,
      20.385079075131216,
      17.49392564711161,
      23.590839420547127,
      14.50449869890872,
      10.620546199912496,
      24.82481671667483,
      25.47502161552984,
      8.977433894084243,
      13.123432971078728,
      14.202758087463735,
      11.389493028866127,
      16.501210727583384,
      12.838243689802766,
      19.279529071733123,
      19.465326641482534,
      36.18118924978626,
      23.586395917547634,
      26.188472251385974,
      17.08862974911608,
      4.9493461384263355,
      16.988432329744683,
      26.75570110468834,
      21.765700172145444,
      14.728043422175688,
      14.530331327063323,
      18.814368271865533,
      18.972670649200154,
      29.735259029381268,
      25.097061150452646,
      36.33419026275078,
      20.731609731948993,
      7.373219521956344,
      21.544537819449033,
      5.549856755802466,
      18.88957445806591,
      25.092740908861742,
      18.743404315406224,
      10.780469476740109,
      9.001295298498007,
      11.8558771091557,
      19.57249852588575,
      15.372893678977562,
      13.656528301668004,
      12.718124347447883,
      8.020625254153856,
      14.011845762259327,
      14.283126766196801,
      14.150681929539132,
      15.995477637145086,
      18.601157406250422,
      27.611782887848676,
      16.491015696352406,
      7.318221915826143,
      8.752301267777511,
      17.119422815405414,
      22.976426940025704,
      12.48229752464249,
      11.340875337540638,
      8.043275398536935,
      22.36272652410844,
      24.279633456579177,
      14.781543107215839,
      9.306156679158448,
      18.864418378616392,
      11.10748842531757,
      11.113355460598541,
      18.381096027478634,
      13.084586634024163,
      9.890948190404742,
      9.639715919744049,
      13.708787257637596,
      20.311399195110425,
      13.578168079649913,
      13.268983950954862,
      12.304166352456377,
      11.87142804699397,
      15.524368519021664,
      23.41290058904997,
      14.18951050422038,
      15.963657752901781,
      27.64357294198271,
      21.398903155532025,
      9.315931111261307,
      19.481152110543917,
      23.78918299144425,
      14.043731333964388,
      27.111869067106454,
      11.985899479106592,
      10.312606403975224,
      16.62825591591536,
      21.68001259272569,
      20.25100141704752,
      22.603175151867617,
      18.60634430951177,
      10.97271325672773,
      9.088880626710306,
      13.451059745755629,
      14.274064453071333,
      22.24248553482903,
      17.31109649836435,
      20.21280912565271,
      15.428525803763478,
      20.264475253105047,
      12.79321150566102,
      28.904829962324584,
      41.567277800619195,
      14.241166752079153,
      15.662187730828009,
      21.247338746521564,
      6.625835787519463,
      25.576161906959896,
      15.946940366797207,
      24.01417388224945,
      9.569277102091291,
      13.64145847740292,
      12.703233738124254,
      11.111759025210631,
      13.875544321141206,
      19.411846273033007,
      16.052915881686204,
      8.764558698465407,
      19.317658566418686,
      25.344723940099357,
      10.698974326667667,
      13.873186486809573,
      21.029711554881942,
      26.321932825856493,
      26.730116674916644,
      17.048084181813465,
      13.07317939546192,
      18.454399270754948,
      16.88235351753974,
      12.178662480728235,
      13.025439612261835,
      15.807281449931907,
      15.05452597077965,
      25.3977419026196,
      25.717939549387665,
      20.125907043766347,
      11.603032912164053,
      17.056439995962137,
      20.13707253062603,
      13.846304257247539,
      15.456494935890078,
      15.974736864263832,
      11.962677259041811,
      13.456557289377088,
      14.756293399062997,
      25.93907974279864,
      11.573342592244444,
      28.76785700876644,
      17.91370763927989,
      26.15225184873998,
      22.592381878421293,
      13.734097623440903,
      11.396987777952745,
      13.155153840300045,
      17.76423593281652,
      19.79925248509244,
      30.329524509361363,
      18.880298022384522,
      9.299670778840664,
      19.32383644881338,
      8.369108355982462,
      18.3131921469394,
      24.339974204202008,
      16.102080337273946,
      15.32267515676358,
      24.48977659794764,
      30.52404607462813,
      29.447097412819858,
      12.132927483522508,
      19.852506060567976,
      18.842433615602204,
      15.943830494470603,
      14.849867736404121,
      17.256804353630287,
      11.045497972343583,
      17.461712243348302,
      19.55483886008733,
      15.430005118018016,
      26.043805364861328,
      16.30725411298772,
      28.031723756423162,
      16.86504202375363,
      16.806818197503162,
      21.874603794662107,
      9.02710146219033,
      21.41402020057285,
      14.777127914960147,
      16.423888886667555,
      19.528056331189873,
      13.27081046035164,
      6.859501872175315,
      13.414838762524596,
      6.366488128864148,
      17.894892389806046,
      29.13052546313702,
      18.947722806718957,
      15.332555319924722,
      10.180291637108894,
      23.25047630185145,
      10.828105778709869,
      11.565840391900565,
      11.43609672653838,
      11.885583816692815,
      22.040970401918457,
      9.857522712562059,
      22.135329442338843,
      24.957256354988203,
      17.50066318500467,
      6.572152138665842,
      23.051384172824328,
      20.00608757428563,
      23.46006556456996,
      19.6462533800659,
      10.866548313184467,
      26.667386486034957,
      12.837978960633336,
      10.834699847335287,
      16.160370847574086,
      16.032142583128007,
      22.746246996517584,
      14.857823388723773,
      18.0575881125842,
      11.927650276767963,
      19.013946633618616,
      16.436781975375197,
      21.160971553472336,
      21.209040770489082,
      20.544712378643453,
      24.901915659931547,
      10.372308610989421,
      12.584205708531954,
      27.11022372428124,
      10.608582580221992,
      16.544694119926135,
      14.152014597806556,
      16.05405571377196,
      30.22562394792476,
      17.394336230674526,
      24.62341254754574,
      21.531849719496677,
      24.128658591216663,
      7.6802957118998165,
      15.577325815524091,
      12.487814914355113,
      12.347092421681737,
      15.164266423671506,
      7.609645661621471,
      18.456808254260977,
      16.79048389034142,
      7.516027514422603,
      10.304941992537351,
      28.35879942720203,
      19.99173447296198,
      13.84154862989817,
      24.795039122953312,
      14.16589114764065,
      8.529809926672897,
      18.874341968461522,
      9.82852963199548,
      15.86899123879266,
      13.690480145298352,
      20.078058023726044,
      16.860346233603195,
      27.28914667582285,
      22.295372856584436,
      14.639474808864179,
      24.099300811190915,
      18.10264731250936,
      19.415519261085137,
      14.014206042549631,
