{
  "120.0": {
    "obs": [
      50.56906072086713
    ],
    "p": 0.048,
    "toy": [
      41.624782101484016,
      30.191416067478713,
      32.980293550819624,
      30.908870013605338,
      42.14341793188942,
      29.75503812408715,
      32.92499861106626,
      26.50708078534808,
      37.946959503227845,
      38.480061972732074,
      26.474573549057823,
      25.856357287906576,
      40.770450779033126,
      36.7483367932291,
      31.05047229224874,
      29.275957304475014,
      40.47500972171838,
      21.9074621701875,
      35.07595305160794,
      34.66294920205837,
      29.629411750254803,
      30.556976337873493,
      35.55756439649849,
      20.633036025988986,
      38.80560856524971,
      32.19075466108916,
      49.669164783728775,
      31.341665037864004,
      29.0691942290141,
      29.465337666944833,
      28.0387801030447,
      29.562437968488666,
      55.21906325382588,
      21.4921125867113,
      42.19082869318663,
      34.90257826860761,
      39.478506543746335,
      22.663996261675493,
      46.07549659763754,
      48.87161412498972,
      43.70916464993206,
      25.839560672960943,
      51.92607239894278,
      25.98996878504113,
      40.85287654263084,
      31.567612337661558,
      33.70152698269521,
      31.34370698168641,
      34.86785812021117,
      31.263759383698925,
      72.19447594082158,
      33.85504512954503,
      22.813789576597628,
      24.252638806734467,
      43.8479384277598,
      35.50981083781517,
      39.82998752784624,
      49.79428428810206,
      27.59714664197236,
      42.32106533450133,
      49.60279687239381,
      23.479053380913683,
      38.47747624301701,
      18.04834743241372,
      39.549759092362365,
      29.144671730900882,
      28.9138185713673,
      32.16546605233452,
      40.06294651719509,
      18.337365044892067,
      23.444031240636832,
      43.246703811732004,
      26.590697064937558,
      34.81862967193592,
      40.020323796532466,
      34.519524211558746,
      44.3641810153058,
      36.2818143202021,
      57.17151352787914,
      25.09885618847329,
      19.246469404242816,
      50.03877201258729,
      20.806332467967877,
      36.4412597657938,
      32.993313888291596,
      46.51616027812997,
      43.35621494172665,
      34.521463049648446,
      24.522948877463932,
      31.838312770734774,
      42.30068401923927,
      52.32316895794065,
      25.497079233275144,
      39.167461628996534,
      29.534201491915155,
      29.600056074996246,
      37.670371727785096,
      30.477877416080446,
      27.587000769519364,
      38.19654906220967,
      42.036996701019234,
      37.70878948683094,
      17.44886437249079,
      37.87642667317414,
      35.22546632656304,
      29.7466201762727,
      36.355069427751005,
      30.149795292018098,
      32.50202662691299,
      40.62856150705193,
      25.139999875696958,
      53.177435901612625,
      33.20052133544232,
      33.199011646647705,
      44.20404870613129,
      36.57490410852188,
      27.180083762228605,
      39.89792014462,
      32.800209470427944,
      33.420046223836835,
      34.40683214075398,
      43.98135434417054,
      45.916285972329206,
      28.73069555585971,
      47.83892216360255,
      35.32490616822906,
      28.57261521802866,
      42.66051938726741,
      54.994089756233734,
      33.190235400543315,
      43.62258491975081,
      34.37763065248146,
      27.552772000897676,
      35.94422526071139,
      38.371705836150795,
      30.987845158786513,
      30.251991899480345,
      25.467352475126972,
      32.795681475734455,
      41.91827839995676,
      35.448426557777566,
      23.184701565667638,
      40.03369792881131,
      33.947024577646516,
      37.42816016344295,
      36.777626630995655,
      35.74893923570926,
      28.683742289664224,
      40.20282310884795,
      28.51533856628521,
      38.1197561732406,
      31.379439710406587,
      27.40230211686867,
      38.580371310177725,
      44.04540254318272,
      35.57231425703503,
      29.698924646523665,
      25.57257433666382,
      34.90444531815592,
      30.035827065759804,
      41.862550931298756,
      24.915124021295924,
      48.41379930402036,
      39.77548713434953,
      30.798623099864926,
      30.068880924518453,
      51.397377288434654,
      26.02465980395209,
      21.808918746886775,
      59.96119904545776,
      42.93459136148158,
      29.55347648273164,
      38.69631193917303,
      44.61044904543087,
      31.210083581725485,
      34.0091450784239,
      36.45810527530557,
      45.24708306076354,
      33.63430755806621,
      36.679138759252965,
      38.042815128865186,
      31.593995812901994,
      23.20682688555098,
      44.12567121077154,
      40.231106811450445,
      33.4111647286918,
      37.9526383542252,
      22.5892843574984,
      34.65325818384008,
      31.44123007179587,
      44.83407377095136,
      18.259166708943667,
      32.326255956460955,
      28.179059551490354,
      37.04537279892247,
      29.489822186951642,
      36.0610942892381,
      62.68826209026156,
      29.067410003539408,
      39.781755998992594,
      34.23101653401682,
      42.89218792732572,
      33.86878854314273,
      31.432971932692453,
      25.651668670019717,
      20.254002732923254,
      34.52259307631175,
      25.219865062084864,
      25.151475764112547,
      33.520144702881225,
      45.85895513405558,
      44.89222974352015,
      52.87316827281029,
      30.651683998003136,
      26.584166286862455,
      44.426915286981966,
      38.073407389762,
      39.75586920266505,
      32.39681724697584,
      29.494409877748694,
      24.58595478233474,
      30.75468982649909,
      34.42950257284974,
      37.3346098226466,
      28.160140779000358,
      38.38668334223621,
      21.957746310086804,
      48.02171126873873,
      31.125125520295114,
      42.47870176822471,
      27.4992976597714,
      39.7325299573713,
      37.30179659012356,
      32.27341967471875,
      39.411335823941045,
      31.411628790956456,
      27.513718018963118,
      19.818871127950842,
      23.69314027269138,
      25.476006800236064,
      21.992213366436772,
      34.20554747081769,
      46.88542834685359,
      46.87901509137009,
      33.09937193951919,
      31.718517594432342,
      34.36240484825976,
      46.728542987504625,
      30.78435651390464,
      38.99136036564596,
      33.533255902832025,
      31.03890754074382,
      33.091234806357534,
      38.24890377864358,
      32.923072346588015,
      49.117045391962165,
      54.60560994109255,
      20.137967379938345,
      45.85358708552667,
      38.776263493986335,
      43.444535179049126,
      33.80597960167506,
      27.142959501157748,
      21.682626945737866,
      39.05660580958647,
      48.46622887752892,
      24.79563488547865,
      31.44276401748357,
      34.11712968334905,
      44.28677719127154,
      32.54260676575359,
      33.38297608149878,
      26.177636948385043,
      31.483444712954224,
      41.79277847209596,
      27.58840943967516,
      28.27565189464076,
      31.812477127896273,
      29.10435794881778,
      35.126446216978366,
      35.60441513892147,
      24.565101674044854,
      32.34751613093249,
      40.86230574621004,
      22.606610470233136,
      44.60398264529067,
      32.685509411559906,
      30.242956629619584,
      38.68987131495669,
      52.082711596478475,
      27.651169349541306,
      26.462301602805383,
      51.13637371068762,
      26.99538733456575,
      24.94268123692018,
      42.58648465540318,
      24.635237712282105,
      34.156636865693145,
      36.05539144251088,
      49.75222582287097,
      18.984835548180854,
      31.67858531276579,
      27.954630779393483,
      20.978407561051426,
      31.752220645110356,
      33.40448077853944,
      35.480912658793386,
      44.36793973922613,
      21.788761275514844,
      49.391740070670494,
      37.733038655045675,
