{
  "120.0": {
    "obs": [
      85.84698350733379
    ],
    "p": 0.154,
    "toy": [
      81.94028696548776,
      98.80228266998893,
      82.55585934178089,
      64.21563705409062,
      81.02752479139599,
      86.10737366543617,
      66.45475760652334,
      62.1883316206513,
      88.36316131526837,
      86.01572733174544,
      76.50611260556616,
      86.62905849685194,
      74.62485323412693,
      91.9685471796256,
      91.32749780165614,
      77.22018406508141,
      75.81224463580293,
      66.84788428750471,
      70.03563205737737,
      71.64411242585629,
      78.62486496233032,
      82.70432572209393,
      85.79076526092831,
      71.76797851765878,
      86.72937776995241,
      78.58232754052733,
      93.26138006290421,
      88.23575373142376,
      78.06579837831669,
      60.436838101333706,
      69.9516898150614,
      86.37991698039696,
      66.76695731590735,
      51.378005558945006,
      76.71641722746426,
      85.26001420858665,
      62.36474487357191,
      59.64762142585823,
      69.289869768254,
      56.93993555897032,
      91.08809108074638,
      66.19819916432607,
      68.27028294521733,
      87.90544878848596,
      64.8897569476685,
      64.6210564923822,
      84.15515821386361,
      49.516610527352896,
      65.14606553487829,
      92.94702625268837,
      88.82126856621471,
      65.98826455028029,
      85.76978147632326,
      74.55298484288505,
      74.87200126016978,
      59.1869297271478,
      56.294741136662196,
      88.62279036606196,
      86.47515434760135,
      75.52936245533056,
      59.312792125099804,
      56.30305049417075,
      84.43965294829104,
      77.89771230320912,
      79.57663177783252,
      99.88996714918176,
      53.12345429000561,
      81.67978177877376,
      88.1740097910806,
      86.87888612295501,
      79.16922893302399,
      85.76623770274455,
      71.9225927881198,
      81.77564688568236,
      65.67866356638842,
      76.13864734291565,
      74.85957603697898,
      91.44602085190127,
      69.91117425943958,
      67.31382012242102,
      70.72485220467206,
      66.00859723877511,
      53.80622484581545,
      62.44292465157923,
      99.87878864930826,
      66.87730403011665,
      58.838681054185145,
      102.19351126396214,
      69.1009293088573,
      85.39639465601067,
      62.55846488283714,
      68.66733584742178,
      87.27959720324725,
      88.88559015328065,
      70.65897266261163,
      61.255928131286055,
      64.15614378728787,
      87.24811534277978,
      64.40751025700592,
      76.72640496087843,
      80.53315050454694,
      66.94013849209296,
      85.37440524084377,
      74.347716822027,
      69.73600659426302,
      70.98843517835485,
      80.86297787056537,
      61.553710818639956,
      67.88088376211817,
      68.09285164400353,
      75.10259998720721,
      81.740771235578,
      67.59631913580233,
      103.26318342075683,
      67.01520908449311,
      70.34809799309005,
      60.83596229174873,
      79.69336509273853,
      51.1910909290018,
      61.40944569700514,
      84.24869270555791,
      85.74611960948096,
      108.6139910237398,
      76.87268638605019,
      83.03055834339466,
      70.89659059236874,
      82.2062834094977,
      64.20583001460182,
      59.71244120461051,
      91.78940203308593,
      93.51694093836704,
      74.54372386567411,
      59.862217810878064,
      93.0677119983302,
      78.09676757935085,
      65.50884836079786,
      66.98314410852618,
      96.07921642102883,
      92.61376156291226,
      70.65142370940885,
      56.77225330824149,
      65.10183852328919,
      79.67906132698408,
      62.818278553924756,
      69.98764746508095,
      89.47619063340244,
      71.98985605710186,
      69.5800495345029,
      55.64317119127372,
      50.812859467288945,
      75.1447874805308,
      61.63790466624778,
      70.15201133006485,
      73.98144827090437,
      83.14867658351432,
      71.03452310492867,
      76.86802136848564,
      69.62595688458532,
      65.29733385675354,
      63.456989301455906,
      66.75910939121968,
      73.42657558465726,
      71.03290573347476,
      71.64768348666257,
      62.983899320388446,
      80.65600090307998,
      76.44853831303772,
      73.59098362139775,
      76.22814561772975,
      62.930709618958645,
      76.449791770312,
      72.23756321228575,
      90.70422604738269,
      86.14159292241675,
      74.08403030308546,
      82.0083274145145,
      90.05477485214942,
      84.82679406704847,
      66.54762991308235,
      79.17690143783693,
      65.84454073724919,
      64.39768891426502,
      69.2616114327393,
      71.74969967422658,
      77.18008093093522,
      60.169362654938595,
      53.695669067819836,
      115.67168965388555,
      66.62989560817368,
      71.81087186760851,
      67.18673007035977,
      90.87801820388995,
      95.91722854072577,
      71.71811940608313,
      56.37923417845741,
      86.32064263249049,
      81.6992548420385,
      78.3670508627838,
      101.8490536189347,
      66.44126544997562,
      66.38258015661268,
      64.71686442950158,
      76.02683102930314,
      78.1218818394118,
      61.35810573087656,
      84.95692519145086,
      66.95119288493879,
      76.31055372115225,
      78.61098775546998,
      62.43639797955984,
      68.87875736385467,
      68.50515483698109,
      64.87209099213942,
      70.82235166488681,
      62.29220106932917,
      78.79292775940849,
      67.6971700793074,
      99.15962074455456,
      112.34973730231286,
      68.55029482246027,
      81.56289429840399,
      94.78250097265118,
      74.80535771176801,
      74.1300439783081,
      67.88972671455122,
      85.67153394260095,
      81.61397317791125,
      67.23726766096661,
      80.93733375964803,
      50.49551041726954,
      79.16371506932774,
      57.23654952883953,
      74.35586886573583,
      76.80533868764178,
      63.14883521822048,
      75.24622047040612,
      80.09497181433835,
      73.61151912505738,
      73.02877439087024,
      94.18350717547582,
      68.38740704683005,
      105.60672548707225,
      63.72822531097336,
      58.84884427450015,
      81.58409831405152,
      74.92372427257942,
      76.63812160262023,
      63.011630249995505,
      60.73692939421744,
      80.08607191540068,
      71.18838723440422,
      59.54115506506059,
      68.94420795884798,
      88.32251183970948,
      56.82866015518084,
      65.76346389725222,
      72.18275603151415,
      72.18636817033985,
      86.02376285783248,
      55.92406624031719,
      57.0126998925989,
      90.89582541355048,
      79.96808799396968,
      63.43135211590561,
      67.57325469783973,
      91.6287089313555,
      92.98401679526432,
      79.0512475548021,
      67.18899854199844,
      67.77044727362227,
      83.95523945294553,
      76.61618413307588,
      85.00569216275471,
      74.28981456626207,
      65.63224006767268,
      55.52770800967119,
      73.2046345609997,
      78.74654468265362,
      79.54386907268781,
      73.09645530435955,
      98.70134929392952,
      77.85032977824449,
      79.8729919900943,
      84.65331633429741,
      80.3169076522754,
      89.06968278734712,
      84.3322376642318,
      77.64447231235681,
      73.3928355735261,
      65.93866033339873,
      67.57681962419883,
      84.52910589642124,
      62.708924497739645,
      71.54169640151667,
      82.17763446926256,
      69.62806046335027,
      73.90810587300803,
      79.01115291350288,
      72.8528198938584,
      85.29887200691155,
      91.72440987959271,
      81.96365845616674,
      69.51953648289782,
      72.18020941159921,
      68.56901974906214,
      72.57020719989669,
      72.11632473519421,
      67.50385998701677,
      67.57306518484256,
      59.910418502113316,
      70.91493789997185,
      88.54999007520382,
      66.84583013833617,
      65.37558048425126,
      69.54240294682677,
      83.07247229397763,
      73.6738411084807,
