{
  "120.0": {
    "obs": [
      135.04343750682892
    ],
    "p": 0.04,
    "toy": [
      119.61437692586333,
      114.74932045146124,
      113.05076054640813,
      95.43902229296509,
      135.34380590135697,
      100.43309738702374,
      105.37595006072661,
      107.77955339243636,
      100.00402113166638,
      119.55777381110238,
      127.79591604234884,
      136.0753142493195,
      122.26492132950807,
      89.10494427132653,
      100.5678785040509,
      94.84601009922335,
      93.64456321002217,
      110.45518021396128,
      79.28762003744487,
      103.36338519770652,
      110.18716795014916,
      119.46872995066224,
      91.40691378741758,
      95.82135965302587,
      133.9437527905102,
      130.9889831948094,
      112.91785755864112,
      103.13774507952621,
      139.43407575483434,
      93.33132195560029,
      112.87219374754932,
      102.66933006839827,
      147.58928421337623,
      106.0105139343068,
      100.95994158869144,
      96.16460838902276,
      92.64638183225179,
      114.65149072464556,
      91.7842394123436,
      87.72313821344869,
      108.95645947987214,
      119.76281457138248,
      121.95539381052367,
      107.99428852112032,
      119.49887464189669,
      148.97803269530414,
      107.59892219986068,
      99.57238033611793,
      92.3208498165477,
      96.73632357321912,
      114.22506774507929,
      82.07050416950369,
      130.5337472828105,
      101.21763239888242,
      108.34933635790367,
      117.03992320183897,
      137.80855640856316,
      109.04394952818984,
      128.13874331314582,
      111.58350516005885,
      121.58894769509789,
      99.40104573906865,
      103.4176715509384,
      99.15636459854431,
      95.67788418923737,
      104.76911362604005,
      95.61893598991446,
      134.45983517140849,
      111.03913281142013,
      87.76052069861908,
      121.10188486747211,
      104.37919980176957,
      101.48726732825162,
      89.86057828640332,
      130.57207439799095,
      115.37081985193072,
      117.33613752987003,
      95.7539958282141,
      125.6161274765036,
      116.68283680157037,
      98.77317883470096,
      91.02897385973483,
      96.62428320274921,
      121.4182257616194,
      85.2920273495256,
      100.81980342254974,
      87.32462755317101,
      105.64908540842589,
      107.91934030386619,
      96.75284980831202,
      114.987370800809,
      148.4685037662275,
      143.0671165297972,
      104.72102773585357,
      80.35107018373674,
      77.39403145108372,
      109.65876375761582,
      104.22161637077807,
      109.77250250679208,
      89.77633861277718,
      92.93846109940205,
      95.22680988215143,
      76.4008241550764,
      102.60995494725648,
      111.5545572877163,
      103.016303661454,
      80.95458894356852,
      99.52132036315743,
      120.85263381327968,
      124.20997589366743,
      109.60533545486396,
      114.62323461094638,
      96.06332320778165,
      121.21243544633035,
      100.9652008539415,
      128.01088952983264,
      105.53320308984257,
      90.87926356354728,
      116.74063542374643,
      108.02641041669995,
      139.0157507598633,
      108.7471617127303,
      62.20626036688918,
      136.69272217038088,
      136.1335828388692,
      90.39977701520547,
      101.50823079200927,
      133.1058646281017,
      158.48080300207948,
      107.53492848121095,
      126.80469962605275,
      74.56852279201848,
      125.75691211229423,
      101.86241403466556,
      128.4488432916114,
      102.66505528823473,
      104.62974241009215,
      113.67877397139091,
      120.55087095173076,
      103.40852709190222,
      109.41388065600768,
      124.01755804335698,
      106.07267807045719,
      92.6838949933881,
      110.51726091443561,
      125.221522569831,
      105.22064725519158,
      118.39936113904696,
      109.43102755211294,
      86.27963961998466,
      119.53971703915158,
      100.14261214487487,
      127.25145488843555,
      105.8945225996431,
      108.22645785356872,
      103.67153175506974,
      132.25790353061166,
      116.09470115002478,
      99.62461940571666,
      88.35777889209567,
      98.79267200297909,
      95.47188743465813,
      105.54760094184894,
      128.65645223134197,
      99.27346609724918,
      92.03168038080912,
      110.12461090291617,
      102.52832754678093,
      125.38420978467911,
      97.85094267834211,
      119.40772957453737,
      96.27949992677895,
      91.29646166082239,
      122.30823345901445,
      105.16329002426937,
      128.41655999666546,
      109.0948785963119,
      93.51924383995356,
      95.97060772479745,
      123.33498429280007,
      107.51648039091378,
      107.79648387321504,
      135.05752357194433,
      116.35845000925474,
      123.24309470743174,
      109.45313844818156,
      88.82823204644956,
      122.7582895984524,
      94.9025334577891,
      124.31031308026286,
      112.86588147573639,
      106.47641922038747,
      135.76485457003582,
      132.49299762572628,
      101.4113997554523,
      106.44520537555218,
      140.6620978275314,
      122.81557937781326,
      119.81476761132944,
      107.52609701181063,
      96.34822628792608,
      105.51350970729254,
      116.61140221409732,
      78.52889363543363,
      99.8071752024116,
      145.71269168367144,
      124.90089059615275,
      80.79231881751912,
      109.01252718467731,
      109.1235593179008,
      101.5311907219002,
      114.52252345380839,
      111.145166499482,
      117.04917373572243,
      100.4624598112423,
      95.0985437417985,
      100.76321654079948,
      97.9553784164018,
      95.92576327786082,
      104.96807844546856,
      138.59657450031955,
      95.53209296206478,
      103.35768994578393,
      124.15918087802129,
      95.11990452115424,
      114.38824219157686,
      97.59009921661345,
      71.54374780377839,
      99.70398792327615,
      110.22160790569615,
      99.18300068221288,
      119.25184362172149,
      123.44750111672329,
      109.85120579926297,
      91.00753065152094,
      123.00023870554287,
      104.2995621903101,
      96.42198851221474,
      101.66069647978293,
      78.08513030782342,
      104.29872665798757,
      99.56484249368077,
      90.72599316027481,
      108.78399537567748,
      120.64763659640448,
      113.9709706264548,
      119.01318115339382,
      128.86430562555324,
      101.07852928928332,
      105.39742746308912,
      92.09746180422371,
      110.89557789237006,
      123.28769007581286,
      98.83605979644926,
      110.30723697098438,
      87.40185339137679,
      86.48731756670168,
      100.81530227040639,
      96.25145813863492,
      98.9001812877832,
      78.95921122835716,
      123.71935856784694,
      104.47654929658165,
      106.43872574839042,
      82.3241609367542,
      147.94632799708052,
      117.42120217194315,
      84.95057775441092,
      91.24152409745147,
      115.16561672877287,
      107.4892305197427,
      94.30975260701962,
      103.44652594847139,
      95.90420519013423,
      100.7349119320279,
      94.96380562131526,
      105.67906298657181,
      109.53243178135017,
      89.03688393422635,
      126.72549982269993,
      106.87301885453053,
      93.76839842280606,
      101.23690570733743,
      131.12440280953888,
      95.47040407441091,
      90.10349229798885,
      102.27997905603843,
      110.26786301506218,
      116.45453774370253,
      130.8964046430774,
      116.74100767442724,
      82.10093426052481,
      98.68828811933054,
      121.44810761295957,
      133.88334903359646,
      96.45168068062048,
      119.0169783369056,
      111.02237011975376,
      117.46483485173667,
      130.53781927825185,
      118.12915107252775,
      126.450614771049,
      111.2314039040939,
      99.54288302536588,
      94.85887935751816,
      109.55105812498368,
      110.75703170872293,
      114.02242819807725,
      122.51055867911782,
      98.79033070825972,
