{
  "120.0": {
    "obs": [
      30.303726589801954
    ],
    "p": 0.04,
    "toy": [
      18.933050282503245,
      31.535314589593327,
      33.515603969746735,
      13.355068036995362,
      35.067551998159615,
      8.341629400732927,
      20.673084643582115,
      25.989985497115413,
      19.11086574938963,
      17.8874465621775,
      16.967288805986755,
      29.270782261126442,
      19.761122036608867,
      17.599451743939426,
      15.709125492663588,
      16.34374300503987,
      10.445499771478353,
      5.181096843618434,
      21.368167709675618,
      11.304873391083675,
      16.602420103241457,
      21.311003844515653,
      8.568187718192348,
      15.34590632119216,
      22.899814657808747,
      9.429925733682467,
      21.427021414157934,
      5.954943104181439,
      17.150144706916763,
      13.826599280204391,
      20.304887812992092,
      12.95853109221207,
      21.067237099079648,
      27.362795437977184,
      16.657876940385904,
      24.764051486563403,
      13.954602085490478,
      14.008229844010202,
      18.3035251039546,
      19.257548508496257,
      35.02788902432076,
      25.48471637465991,
      14.86792659186176,
      20.2693004226021,
      13.603690800839104,
      9.462985932419542,
      12.941293938318267,
      16.507963029987877,
      18.941572340234416,
      17.110945858235937,
      26.318245349189965,
      25.279936796374386,
      20.477981915231794,
      19.572959962650202,
      7.725915536575485,
      17.852183512441115,
      22.64380761355278,
      15.68859544195584,
      22.11687868347508,
      12.889183031802531,
      13.408561568387086,
      9.980640738096554,
      13.546666222129716,
      29.676908431807533,
      11.008557477529394,
      15.525427907850826,
      13.819023997930344,
      16.108607417845633,
      15.17481677615433,
      26.158641960151726,
      17.609120534412796,
      13.747720718878554,
      8.638853451178875,
      17.253810659691226,
      19.240716869360767,
      21.29377759961062,
      31.56918998825131,
      17.952653597691096,
      20.795756277657347,
      13.420578038116219,
      12.176380957855145,
      25.099144158157287,
      26.44376219526748,
      43.95689062130987,
      20.068745659664273,
      19.99666712176986,
      15.990458018699428,
      23.03709104208974,
      17.289005744096357,
      19.987789778824663,
      14.929350023361621,
      14.990439560788218,
      11.135085014335345,
      13.233308686933015,
      21.85736664212891,
      19.72538253982202,
      18.67219621888944,
      16.240493522200268,
      14.32381609643926,
      11.853619450266706,
      18.95667112999945,
      13.354888801288325,
      12.235534668667242,
      15.666756755061215,
      25.80764833491412,
      28.287067003751872,
      12.528957949805772,
      14.285963455040473,
      17.044323970825644,
      11.066064821730834,
      15.531299852504162,
      12.168263816187391,
      11.222888323565712,
      22.356606416025897,
      13.433294708665926,
      18.411671286914498,
      23.21346205190639,
      30.79037522393628,
      53.77312744699884,
      15.445009271672461,
      14.936395717115374,
      23.515946070110658,
      4.500893520045793,
      25.47270652669249,
      11.897778575395932,
      22.19819353678031,
      9.373555592203047,
      20.92106568822055,
      16.394453930290183,
      15.153818156075431,
      24.27991629287135,
      19.687693285319256,
      8.623623934807256,
      23.94007011989015,
      16.374321936105844,
      16.124490126909222,
      22.735426428058418,
      18.48189580324106,
      13.879104055609787,
      14.660204240353778,
      22.919482584897196,
      17.808878235140583,
      19.95735500092269,
      15.738618723116815,
      9.37856091526919,
      30.930215775762917,
      15.950001068005804,
      16.402329063246725,
      9.949394645460416,
      10.592978397238767,
      19.66337694801041,
      20.593768701626686,
      10.49006963489228,
      28.74165083435946,
      27.851938889798475,
      11.932069660630077,
      12.019538667256711,
      29.705437359691132,
      11.565622786409222,
      17.046357405663002,
      26.249021847441327,
      16.496081980410963,
      16.66511667263694,
      31.66093075554818,
      10.251926116266986,
      25.45611991835176,
      17.73328789966763,
      25.429336649918696,
      28.448614667722723,
      22.043194231082452,
      24.460070836590603,
      18.546930002688896,
      34.539713214704534,
      8.773799484421033,
      10.38494278860162,
      17.502843564812792,
      28.571478267986095,
      18.383344775007572,
      20.372892317624064,
      13.904701185994782,
      12.952452402270865,
      9.857704502966953,
      22.332293838087935,
      8.631633194250753,
      17.731199034460587,
      18.27534580041538,
      20.034326155058807,
      38.941859462618595,
      10.638967685517855,
      14.94521613715915,
      15.960731644998305,
      20.026053223002236,
      13.455017309024697,
      16.354835146979894,
      19.748939445387805,
      19.43700771854492,
      9.769104774080915,
      13.053240757348249,
      7.95816042565275,
      14.199037077487446,
      12.116435796429869,
      17.74252444220474,
      28.555970451096073,
      19.182467660022667,
      16.07481277809711,
      17.357865457655862,
      17.43861075156019,
      11.790911117568612,
      15.009317713760538,
      23.320641723490553,
      14.86396537834662,
      22.797945458994946,
      14.90825467358809,
      22.674004360713298,
      7.220567128213588,
      15.413967238360783,
      19.16256850687205,
      10.177760960301384,
      17.772061369993025,
      21.701866555726156,
      18.055372752452968,
      13.184463680052431,
      17.5674453835818,
      14.294500475516543,
      19.20828489260748,
      20.911097055883147,
      18.580476531555178,
      12.7860854184255,
      15.716606851143297,
      19.621174345811596,
      10.430008338647895,
      16.054320730210748,
      10.90502295162878,
      18.613496876176214,
      28.989245686796494,
      26.744082985416753,
      18.508529958926374,
      19.9559353441,
      28.924677659757435,
      24.768672227161005,
      12.775449758744799,
      24.613431755948113,
      17.99542560230475,
      13.899497662496287,
      24.27133691185736,
      21.398469878913602,
      12.069563366414513,
      19.538307118811645,
      15.337898567086086,
      6.967702179361368,
      11.822712955065072,
      12.60015631452552,
      18.143611778417835,
      14.641203893144848,
      12.959174852701835,
      25.273994744260563,
      9.329783193708863,
      10.994997264439007,
      33.88180768402526,
      16.744574473414104,
      24.080123998457566,
      20.36472749451059,
      22.378779154008953,
      29.05172871533432,
      9.42317380278837,
      12.001060490176314,
      18.99165354575962,
      11.394832781574223,
      14.944099142157938,
      16.328467338345945,
      11.140109396277694,
      22.37046777154319,
      15.405131877399981,
      12.731169889506418,
      15.210334573755972,
      19.617227551469114,
      17.190115002798848,
      12.55300608262769,
      10.951443902420579,
      14.1862257142202,
      10.865769620984793,
      27.346616199531127,
      32.41118246692349,
      20.191846976667875,
      15.46621136344038,
      9.004444853198947,
      22.243104150693398,
      11.49249048618367,
      12.07724746473832,
      21.856819378008367,
      21.64452874439303,
      25.156796422728803,
      13.828804225689964,
      19.010683536180295,
      20.46918657637434,
      21.383851785067236,
      26.9946364107891,
      17.609563428908587,
      14.535008436592761,
      19.508626686380012,
      10.071289455954684,
      16.533665903203655,
      8.764192237547832,
      11.13888019285514,
      29.580578499648254,
      17.44121338686091,
      13.68297910183901,
      15.658903834555531,
