{
  "120.0": {
    "obs": [
      65.01894285855815
    ],
    "p": 0.0,
    "toy": [
      35.734365204465576,
      55.087046700005885,
      37.26274327887222,
      34.62773909699172,
      49.86929930950282,
      29.717874742578715,
      51.963227896019816,
      54.50321078731213,
      50.34523086861009,
      46.72244169795886,
      32.748450220155064,
      34.03477969911182,
      60.1878328503808,
      19.145942381641362,
      44.49336349504301,
      36.50300020398572,
      34.17232880269876,
      42.78005830734037,
      35.498188605415635,
      38.80366759042954,
      34.36249995289836,
      34.305692502937745,
      45.17593118501827,
      26.394051901064813,
      32.34491739090299,
      43.17401867010631,
      34.198454419267364,
      38.247574358363636,
      30.7240318840486,
      37.594130129611585,
      32.22975523339119,
      34.10461312136613,
      40.31437259563245,
      43.520222034305334,
      27.278151650971267,
      44.309697533084545,
      30.843286645249464,
      39.96053855487844,
      32.42175226652762,
      38.614234346488956,
      32.69369005790213,
      21.72321904677665,
      31.504962933599018,
      37.16835373756476,
      41.82636773423292,
      25.76367709803162,
      30.928954220493324,
      39.32637100137072,
      30.001905086566694,
      58.39833804673981,
      38.68157402210636,
      51.11722086649388,
      59.02907738805516,
      39.25096972740721,
      35.44360863888869,
      26.76301824580878,
      28.98414638178656,
      26.35204036772484,
      30.521702500991523,
      38.925128943054006,
      31.38661602610955,
      23.586518042488024,
      43.294714830990415,
      35.76926303905202,
      27.721877725678496,
      34.80522355111316,
      28.477430735132657,
      32.32308235048549,
      52.8887125410256,
      42.24539212457603,
      36.97303368424764,
      31.129216212779284,
      41.06175044446718,
      24.024994619947392,
      30.24274218257051,
      31.35756990488153,
      46.58185507991584,
      30.776468108117115,
      25.490446132258512,
      39.626528700464405,
      24.37266524491133,
      30.762279216374736,
      32.563183472375385,
      26.006117222364992,
      54.20291667210404,
      38.72102029295638,
      25.77596328931395,
      31.291953301697504,
      32.65890168765327,
      52.3043871371774,
      33.42891679343302,
      32.72167312313104,
      24.55364143010229,
      17.314995254739188,
      44.278183450282086,
      48.2386462475406,
      25.12855048797792,
      30.040810920705553,
      41.33479448541766,
      38.851912217447534,
      23.55617517675273,
      40.13607393647544,
      35.51902601803886,
      31.792142423451878,
      40.290326616028324,
      44.98482680233428,
      41.84741504845442,
      29.144767200690694,
      52.16027479741024,
      40.64619293337455,
      37.43962669064058,
      27.777299178764224,
      42.077935357170645,
      38.05560327274725,
      40.42385377420578,
      46.691471402707975,
      45.155743411392905,
      39.6695008801762,
      63.77403134456836,
      40.35224165645195,
      51.48474265926052,
      29.44019153120462,
      20.980808178137522,
      37.32092302257661,
      45.87053978355834,
      33.74090577464085,
      34.07992647367064,
      48.83230682340218,
      36.04834068403579,
      61.22791466221679,
      42.373072621936444,
      22.670714889478404,
      39.87975416367408,
      30.650987558066845,
      37.784234319464304,
      48.30939501745161,
      51.05655268742703,
      30.793003305327147,
      34.223324083024636,
      41.657666465616785,
      38.69105669000419,
      24.248123026045505,
      50.96847773529589,
      35.95968230481958,
      51.51596240862273,
      39.56819843489211,
      34.582059984328225,
      31.2723115098197,
      33.52675874356646,
      32.0175583625678,
      39.2771514072665,
      42.04726756620221,
      29.28626305871876,
      40.28990370966494,
      30.835618073295336,
      24.346089423634112,
      37.765776518615894,
      56.037849079759326,
      46.302224934566766,
      46.87119179707952,
      34.82794962276239,
      28.731380532321054,
      39.763365611899644,
      29.966022978012916,
      34.068767539574765,
      53.32219304348109,
      47.03817041992443,
      28.490351317916065,
      30.26523800427094,
      25.021085889195092,
      35.84587558044586,
      58.4052174690878,
      37.879957748693414,
      42.179379842302296,
      31.499768267734908,
      32.04809030005708,
      35.19624027836835,
      57.82846970576793,
      39.137601693568286,
      38.29795094334986,
      27.77438359585358,
      49.16581340698758,
      24.36193631880451,
      37.02310198772466,
      40.5844840342761,
      34.22812665149104,
      35.59505100134993,
      38.7672601462109,
      30.981485121825244,
      23.864915457204916,
      34.743867315584794,
      28.85765866644215,
      39.91399542923318,
      48.99016396433581,
      31.963686206028797,
      33.38221100153169,
      35.65020203276072,
      36.03540268854704,
      42.08465635840548,
      42.90675713046221,
      34.33391579904128,
      50.27101207070518,
      45.48894023272442,
      56.08308157866122,
      33.13516570319189,
      45.13760920270579,
      54.226914036029484,
      40.958956953079905,
      36.26225570583483,
      38.57113325083628,
      41.66307613567915,
      53.76120078848908,
      32.744846659188624,
      52.170559509890154,
      24.998263660178054,
      33.47276767937001,
      31.326971865433734,
      44.010323395661544,
      34.520429300144315,
      31.41945330495946,
      40.42784005968133,
      23.21905701176729,
      32.87144982581958,
      29.816136382811237,
      34.267253612342756,
      32.03294642380206,
      32.78936502488796,
      33.104316068580374,
      33.78411706374027,
      38.09918398672016,
      39.14336227020249,
      38.37979003274813,
      45.20649766421411,
      39.39921551878797,
      26.63935110491002,
      33.5307333052624,
      44.12661945691798,
      31.735549612087198,
      44.73740834434284,
      33.72203782736324,
      38.85800266714068,
      35.52174768858822,
      33.4457058920525,
      37.37437462329399,
      48.31454705708893,
      27.326018840132747,
      30.293644574121572,
      57.19814313261304,
      45.82072907977272,
      54.26635126245674,
      30.594377789937425,
      24.947316404024605,
      42.91825587901985,
      42.257108893594705,
      25.290914098965004,
      24.933895076508634,
      34.962842683831695,
      25.835240600106772,
      39.83293714869069,
      29.125252934289165,
      34.94996973674279,
      36.294885660579894,
      31.508467969833873,
      42.27963251370238,
      29.576987650129013,
      50.09210435807472,
      24.219932159525342,
      30.241251466679387,
      25.432928119495045,
      44.308066986268386,
      55.402786088874564,
      36.66502221726114,
      27.99164938868489,
      35.01760180859128,
      33.27143682882888,
      42.921825424127746,
      28.918224329710938,
      37.217472165531944,
      42.039032131200656,
      46.5610582443187,
      29.740734820603393,
      32.87934248481179,
      56.96349956403719,
      32.898930491297506,
      41.19314682413824,
      47.50623729155632,
      27.735080704442225,
      24.697349944442976,
      47.04312435147585,
      33.48918853304349,
      46.86690774705494,
      39.813288703444414,
      26.310650601633824,
      22.335517845582217,
      28.768596623209305,
      35.42137357103638,
      22.411094816110563,
      36.18446052004583,
      27.4140851200209,
      37.09382150293095,
      37.62316925643245,
      21.305242538743187,
      25.132980606984347,
      24.625148551887833,
      32.55020514241187,
      38.72306905599544,
      23.306219642225187,
      27.87650277389912,
      28.74181715521263,
      43.13230485084932,
      24.943700349191204,
      32.49723371799337,
