{
  "120.0": {
    "obs": [
      102.61782180893351
    ],
    "p": 0.026,
    "toy": [
      68.04883067071205,
      69.79399069474312,
      97.39182612340664,
      112.96166245843051,
      70.8186235424073,
      78.78660479938844,
      66.70321146101924,
      84.47774696626584,
      76.02486997033702,
      91.00771025728318,
      89.98568422030075,
      84.81205119594233,
      66.73565347515978,
      73.5056577147916,
      99.889728347247,
      80.14421595411841,
      87.58992461918388,
      99.52608805993805,
      55.010021185618825,
      68.1502790490922,
      80.18883126866422,
      74.34442730396404,
      70.20466469231178,
      86.9818319460901,
      104.97496077688993,
      68.36430355141056,
      71.7276685294928,
      69.32560034366907,
      71.53152509315987,
      66.83537189112394,
      69.16858964436688,
      69.52206351381028,
      95.54365362835233,
      73.18600694226916,
      102.83273708279012,
      75.96190835293964,
      80.80359178269282,
      85.71000469467253,
      85.63353418567567,
      79.86136110697407,
      78.53904311719816,
      111.50063735325239,
      66.55487132488634,
      80.45936084262212,
      67.62705732087488,
      73.89181577620911,
      72.86339108110406,
      84.48674781151931,
      87.72853397365543,
      86.20667119917925,
      82.12337902429863,
      91.86527709770598,
      81.20392518865992,
      84.69369507441297,
      85.4635084666661,
      89.55198160777218,
      90.53853405674454,
      86.74800045997836,
      98.77401714478037,
      100.55994093578192,
      74.91387647003285,
      73.8262346588017,
      98.82401620820747,
      63.21733950317139,
      86.37499230500543,
      89.97056735874503,
      101.30344155145576,
      76.96772078520735,
      76.2253919574141,
      79.77986587645137,
      98.35962974478025,
      87.95750092691742,
      77.94801885384368,
      95.13511526864022,
      71.35087728124927,
      62.703495072579244,
      105.80355624351068,
      57.32119003875414,
      85.79383227523067,
      83.73217103964998,
      81.52162981510628,
      74.6482088570774,
      52.71313616851694,
      78.76901769600227,
      65.21825660081231,
      62.254250587604474,
      67.1995081686764,
      93.95491917314939,
      68.79958300176077,
      82.98040172454785,
      77.90625594233279,
      87.00867559449398,
      91.20367569895461,
      61.242691670457134,
      86.57968450785847,
      71.3783695664315,
      59.231170150538674,
      80.26164070295636,
      64.00238213405828,
      64.56726934274775,
      59.25251592925633,
      75.63156080667977,
      84.51342838513665,
      74.04873266274808,
      94.13280867080903,
      63.181293621251825,
      88.01348352635978,
      91.96624134719605,
      60.68615693069296,
      71.89585894986521,
      93.78345715856995,
      98.22217163370806,
      70.57758010306861,
      66.73863690413418,
      100.45875032935874,
      65.83010800275952,
      82.77024521277053,
      94.488523442531,
      64.77259190188488,
      63.70700797095196,
      93.66444541356759,
      77.31679972703569,
      76.19366949837422,
      62.73909139470197,
      93.92330433247844,
      91.07308441476198,
      70.1218928245653,
      66.97499070756021,
      77.70804453111487,
      68.27260508239851,
      108.42209881416056,
      73.3130478549574,
      88.32365369348554,
      92.06580101291183,
      65.31155220002984,
      52.754570894961944,
      66.06398906800314,
      66.54447533958592,
      94.79342681670096,
      89.5787803059502,
      91.1770117994165,
      92.77811452854075,
      78.16254726750776,
      96.20630087080644,
      53.33428248850396,
      77.86377599599655,
      65.27894161368022,
      68.86287669630838,
      50.9005521114741,
      62.43237580158166,
      80.83104194744374,
      63.05721253270167,
      94.91498235517065,
      96.82782282569679,
      77.11577294557355,
      103.20934870949714,
      96.66931772473617,
      72.56849023306859,
      86.26629773713648,
      70.49155338387936,
      66.81039718780085,
      101.4571319395618,
      61.36705917870859,
      92.26642691346933,
      59.43206023404491,
      72.82963571808068,
      58.133200389682315,
      92.49666211623116,
      59.04781000249204,
      68.40008308028337,
      75.4873854284524,
      67.12810436208383,
      90.89820595775382,
      60.53350104211131,
      97.59779178045574,
      80.78499957008171,
      71.20510138449026,
      79.38690699904691,
      61.99974179652054,
      78.14337650942616,
      70.1260453418945,
      72.09844494148274,
      80.09019182252814,
      78.11281416099519,
      73.3330630264536,
      90.16376481705811,
      77.68585091285058,
      74.47917028397205,
      86.77001653867774,
      72.83538537196,
      75.97465414879844,
      99.07403522616369,
      57.10742973652668,
      85.34090734945494,
      84.25654176069656,
      62.52944900642615,
      79.5015890369832,
      87.05877650828916,
      96.66864999101381,
      94.76113000808982,
      87.71902669392875,
      58.7305863709189,
      70.40517084900057,
      92.06312086453545,
      82.70940911289654,
      85.59221030763001,
      73.14626975989086,
      68.50007933244342,
      77.75140261132037,
      76.50290220955503,
      78.91333435144043,
      67.51147179855616,
      56.66824942492531,
      69.87444214141578,
      75.82972278125817,
      60.42027500795666,
      56.81067875109147,
      73.26518049908918,
      98.509276151628,
      79.38804015432834,
      53.63136723777279,
      65.68668153946055,
      97.10564831105876,
      76.3610105922562,
      79.44869163824478,
      78.75213167426409,
      76.47012330815778,
      78.96615357551491,
      73.76207499395241,
      104.19829137568013,
      87.49623857997358,
      72.46753136927146,
      92.98549296721467,
      82.36615221286775,
      73.34144957031822,
      78.14879470545566,
      73.85205339067033,
      75.10607352509396,
      61.65817392570898,
      73.8159516103915,
      70.59492255141959,
      64.55585125696962,
      82.25163328362396,
      84.97315526806051,
      73.09833494515624,
      59.0188588850142,
      86.28559824486729,
      76.10750139993615,
      67.70967747920076,
      61.79907344322419,
      100.90144073322881,
      74.97784088860499,
      76.21168970261351,
      94.54576785574318,
      84.92238085533609,
      78.70479741599411,
      72.17343705278472,
      69.13337566202972,
      71.24542857066263,
      77.1895171838114,
      68.25430184052675,
      60.25907072596601,
      79.03900217328919,
      90.09643875950132,
      90.25235931194038,
      92.78777766344137,
      84.26665696845157,
      69.79457756655756,
      71.17241386964452,
      73.43903207339463,
      58.32865423351177,
      65.98736974821077,
      77.22846604016377,
      89.8129877912288,
      71.02365823223954,
      115.84510292302002,
      66.63946556800511,
      83.61645454901736,
      69.08572256320622,
      77.70947069622343,
      68.5258033775608,
      80.21464483148884,
      78.84884332996444,
      71.38136997810216,
      78.03705878043547,
      78.27970319631277,
      78.28588662322727,
      99.42167113506002,
      69.37909264338668,
      79.44254943809938,
      75.98889913377934,
      58.88393293245463,
      110.31125155635527,
      78.5309944935143,
      90.03762697675847,
      74.37500666175038,
      67.32961888311547,
      76.05914723902242,
      74.07473122488591,
      81.61322519090027,
      85.39311244082637,
      75.76133992895484,
      71.4214344243228,
      76.1641626880155,
      77.55735289020231,
      90.52349654881982,
      72.71649187020375,
      81.49836478719953,
      76.14721817997633,
      73.1454631674278,
      98.44503230295959,
      63.93022012768779,
      70.7720853787614,
      83.34908052932587,
      56.08533431458636,
      66.24102908972418,
      93.66847370099276,
