{
  "120.0": {
    "obs": [
      38.66720257620909
    ],
    "p": 0.006,
    "toy": [
      21.273642747983104,
      18.765250736731105,
      14.361308509920491,
      13.00479824730428,
      20.038973458082182,
      11.074103364022449,
      23.450622782256687,
      17.380905697355047,
      23.99335865204921,
      20.442641857342096,
      13.531372467201436,
      9.215433069708524,
      19.251896587084047,
      18.24878429301316,
      10.938402404455701,
      17.688886169198668,
      10.873406421684194,
      12.679799900302896,
      12.901790289295604,
      13.984663218841888,
      25.711401014908915,
      10.40557983701001,
      12.384993199433666,
      15.54857554633054,
      19.017375659343088,
      11.102861909806961,
      16.38706701854244,
      9.497776336065726,
      11.002651242743013,
      23.54206322331447,
      10.18372800925863,
      23.051122901466442,
      28.52988201516564,
      33.147030832857126,
      16.2643167359347,
      21.97100145224249,
      21.57952153988299,
      27.329393698164495,
      18.096700016089017,
      23.320574450452114,
      20.26207036638516,
      22.484242005681153,
      17.250349269015715,
      24.12547670060303,
      26.879283410758944,
      22.690282950061373,
      12.480272042012075,
      21.173486617510207,
      9.822076630283846,
      15.45092981524067,
      22.546377608174225,
      13.782043393381173,
      8.656429309194209,
      19.644656593474792,
      15.952552951610414,
      18.765555769670755,
      18.018454240314895,
      17.656970891461242,
      9.539022405107971,
      18.32802020420786,
      21.11228418527753,
      11.3236751970544,
      16.795451716519892,
      21.828754016692983,
      18.29344716668129,
      7.92510743366438,
      31.53448703433969,
      16.340423736401135,
      21.392927671899088,
      16.586808475665748,
      8.204702998395078,
      14.737762577249669,
      9.565240893425653,
      22.23833184016985,
      17.814295407675672,
      17.62020875289454,
      10.11713981788489,
      18.562393241765676,
      14.241112056712154,
      11.567387028684607,
      17.215735644858796,
      14.945587143301964,
      15.694192481169011,
      23.392609961214475,
      21.00289762270404,
      17.985202607989777,
      10.892311024974333,
      15.145593552442733,
      10.217558947362704,
      19.610376839409582,
      15.448160059808288,
      13.36458615452284,
      18.34783000216703,
      23.208213666453958,
      14.891227931482717,
      20.345702559745405,
      16.753247228072723,
      29.431987370742718,
      13.735428277519532,
      42.08612035846454,
      23.09347329751472,
      25.16892133199144,
      16.237921296269633,
      14.233719775336795,
      18.173121753061423,
      17.521607635717373,
      20.088454631710192,
      11.558189659524942,
      10.115662356751272,
      12.358304745343048,
      20.253033829503693,
      24.53114448065753,
      10.55545443246956,
      11.617219536972698,
      23.002784410258755,
      15.373017361242091,
      11.581550336792134,
      11.850742589245783,
      7.768184349319199,
      13.61657820804976,
      20.679898184083868,
      34.8222232927219,
      32.2693187330151,
      14.94256136121112,
      9.363327346625738,
      12.885281164228218,
      25.101704473723657,
      11.732934879109962,
      17.50821450765943,
      62.75581260531908,
      11.246672787325224,
      13.591078392288182,
      22.92542742175283,
      20.072128763364162,
      6.344037618255243,
      13.72599568546866,
      20.230117290251656,
      13.010295919550117,
      11.495976952486672,
      7.546391710726311,
      8.271075695811305,
      21.562095406319713,
      18.06321176252095,
      9.392342584847938,
      25.517061361548258,
      10.852025206841063,
      16.16307726339437,
      14.015564236440696,
      15.21898146570311,
      12.305679971264908,
      17.485817128123017,
      30.375416066119215,
      19.667991233611247,
      12.282128226011992,
      18.67666840000311,
      10.28177880536532,
      11.635930356103927,
      17.008560178335756,
      15.511586682550842,
      12.664677638473222,
      18.9394836879801,
      20.989649704366457,
      11.21217731188517,
      12.751826471852837,
      21.42407869870658,
      12.28324957031873,
      12.367350674729096,
      12.818430604645982,
      7.8906859782582615,
      13.486873938556528,
      16.00739227735903,
      25.582947124843486,
      12.255567446176428,
      24.79917973841657,
      17.525816243782174,
      15.890981426637154,
      11.581635875016218,
      20.83935952774482,
      23.796415582706686,
      9.62158268757048,
      18.58383830441744,
      28.03285879298346,
      10.427812625363003,
      22.283640128269326,
      21.50103133113589,
      15.494186326104682,
      15.843648390611634,
      14.086865214485442,
      24.384929530351656,
      22.76203739052289,
      17.268589635554235,
      19.069584533310262,
      13.897757844533771,
      15.455165030318312,
      26.154500642005587,
      25.544866528682178,
      16.34414625944919,
      29.524157765612472,
      21.909662543213926,
      15.817883967625676,
      10.236237396777142,
      10.664104329247493,
      18.415020760556217,
      21.064467433054233,
      15.080447190819541,
      37.148939643695485,
      20.898584604932694,
      18.679955988191068,
      18.16853485055617,
      31.337267890718067,
      11.752547542564571,
      15.735085084743332,
      27.339949031709693,
      19.841537280008197,
      9.70824168479885,
      14.266155194753082,
      12.826005705341231,
      15.31083637138363,
      12.299754034553189,
      18.911528967058985,
      19.685212497366592,
      17.141050754027674,
      14.469602212833706,
      24.574704975093482,
      15.76274528450449,
      18.768450796749676,
      10.635024283721577,
      13.44958926626714,
      24.80712447667611,
      14.125131609325763,
      27.515518437227,
      31.139871838473482,
      14.24238176777726,
      13.793798452592455,
      26.806487513444154,
      17.14443994165049,
      18.358171335537918,
      27.277046140487073,
      17.991590324934805,
      31.377258378692204,
      17.286634978401707,
      26.41458510584198,
      16.490888092899695,
      22.045080712792696,
      19.673444507527165,
      18.767831586446846,
      17.565973027667496,
      10.081844324158737,
      19.106644477229565,
      22.923874256026465,
      13.502962411672343,
      13.425013947591651,
      15.485257492575329,
      14.551075774797937,
      18.455835780565394,
      20.435669318801956,
      30.151061030104756,
      15.777224014193052,
      14.987960810103687,
      16.25832953423378,
      14.311783545097569,
      21.547716314991703,
      16.41757695848355,
      18.45573081666953,
      27.522146041039377,
      14.070125514437677,
      12.806958903092891,
      14.348317117575789,
      15.54852749328711,
      14.824335330107715,
      15.751115481572924,
      8.39423971727956,
      18.311295639316086,
      23.112377548241057,
      12.956927792838542,
      6.573977002495667,
      22.23442305350909,
      21.231484742020257,
      12.637869358324679,
      10.311545793316327,
      8.463844171608798,
      17.3139317863388,
      14.173548263293924,
      16.970758224459132,
      29.99633813847322,
      19.008983209729195,
      26.681681272370042,
      21.046478219243,
      27.258984393789433,
      10.044106333632953,
      21.86708179357811,
      27.706884848332265,
      16.414009164931485,
      21.66082685792935,
      9.71748245949857,
      11.437928694213042,
      11.322320003295317,
      22.47616813032073,
      9.556322093965719,
      12.67671199789038,
      16.4535921192728,
      27.747533688670956,
      20.993670212454163,
      19.62327550703776,
      13.06255236355355,
      23.234381853428204,
      17.167685680440627,
      9.409279445011634,
