{
  "120.0": {
    "obs": [
      159.03695218183566
    ],
    "p": 0.002,
    "toy": [
      110.7914643335389,
      97.12629890476819,
      120.04606457811315,
      145.85070816148072,
      118.11172816867474,
      108.27895934926346,
      122.92954480962362,
      108.22173091059085,
      118.55694168875925,
      96.77618337678723,
      93.94532724888995,
      78.38688978098799,
      103.97116246761288,
      130.01919969299342,
      120.70864320488181,
      109.61690216790885,
      94.66511851642281,
      112.18506089027505,
      124.33136776718311,
      131.1704915635055,
      151.89665266650263,
      95.79636752174702,
      102.48161898169201,
      121.49496107921004,
      158.6741926050745,
      97.55406793241855,
      102.44365297118202,
      97.26844356476795,
      143.72845150867943,
      117.84623942535836,
      111.39643960155081,
      125.9394731556531,
      130.07996665884275,
      123.1829800036503,
      117.24001595715526,
      98.00681012810674,
      128.43877955700736,
      134.42753636615817,
      125.90139821975026,
      109.6417577539105,
      116.28235762182157,
      108.11233405699022,
      97.39740268071182,
      127.38183022348676,
      112.77271924226079,
      130.78310486185364,
      118.53485796938185,
      117.89085931482259,
      123.15542220254429,
      114.10673671297263,
      118.62978461035527,
      112.71481313521508,
      130.71854625234846,
      130.49682016158476,
      115.52847352961544,
      91.63870338734705,
      120.30357019975781,
      101.48875601077452,
      87.91685157013126,
      113.67727447848301,
      111.83676145062782,
      137.41305079625454,
      95.75359700038098,
      82.71511190908495,
      126.54798875353299,
      129.2947364617139,
      106.04150870407466,
      114.2917818686692,
      124.81113584409468,
      108.516877443064,
      107.313836511923,
      109.55093519506045,
      120.99164895655122,
      121.96671529614832,
      125.54918462049682,
      112.25057107803877,
      124.60895033180714,
      98.37886460113805,
      119.68003977660555,
      116.8469882333884,
      131.13978133106139,
      108.56128655385692,
      107.30812305060681,
      100.54517869732808,
      136.98709413420875,
      99.298138306709,
      129.17842099047266,
      89.77279258880299,
      135.9102169328835,
      112.37556183314882,
      103.25636743148789,
      98.16203242912889,
      104.33015536819585,
      97.45632877387106,
      115.86010989639908,
      113.58914941304829,
      103.42386514006648,
      103.19293259154074,
      131.41257183172274,
      137.32043792470358,
      107.83490910707042,
      94.69241023319773,
      103.47643172729295,
      100.75992394867353,
      126.64733758266084,
      99.99358128116,
      122.27680707559921,
      93.42296781088226,
      115.467749321484,
      120.56897427572403,
      124.0872297368478,
      120.54769911663607,
      145.26282473118044,
      92.5067978722509,
      117.82388340949547,
      128.8242498524487,
      143.41690023359843,
      127.99737530446146,
      139.0560939225834,
      106.92767761077266,
      127.5818841328146,
      102.35298163478728,
      118.63713843456935,
      113.28432483179495,
      128.3188261729665,
      114.63989329501055,
      125.20591766398866,
      103.16847157047596,
      102.83127874555066,
      118.03261397860479,
      123.59041655191686,
      117.11503914918285,
      104.38971967541147,
      88.52401713829022,
      132.73540098511148,
      142.6638927994063,
      119.26342637045309,
      112.46137571742292,
      120.83627991669346,
      108.1365856199991,
      128.16294577962253,
      95.31845526536927,
      107.22772066830657,
      117.50077075092122,
      105.78384636447299,
      103.74020270863548,
      98.84316103789024,
      124.32953324040864,
      102.64986640261486,
      111.00717690831516,
      97.15371050604153,
      117.90957469958812,
      105.09446299809497,
      114.69061504851561,
      132.380321267643,
      127.55414379842114,
      111.2619780919049,
      112.71531722706277,
      121.86900343745947,
      116.72084917279426,
      134.8213673272403,
      112.11790714715607,
      107.90718901704531,
      88.18330420157872,
      124.90943466825411,
      98.64428198931273,
      100.45376423548441,
      113.74414513190277,
      110.56365862186067,
      143.09462040453218,
      111.13363585597835,
      127.4536885805428,
      110.766847824445,
      133.19213068683166,
      113.99468430387788,
      109.65539499884471,
      84.640898847254,
      131.6892018939834,
      110.33385740232188,
      91.04012651205994,
      134.32195836422034,
      142.4546549069928,
      120.40684596309438,
      115.85375364031643,
      115.37259238597471,
      131.75832713535056,
      114.3106369592715,
      96.1303383676568,
      94.20356062799692,
      121.1051880097948,
      126.05696714355145,
      140.554785837885,
      131.47560533427168,
      119.5800856143469,
      92.37295245705172,
      90.53134034527466,
      116.45453401177656,
      120.26813666825183,
      89.19296615326311,
      111.56610712665133,
      79.7199698794866,
      124.18523537449073,
      122.43378264002968,
      99.90492209978402,
      117.80055411742069,
      138.9377682103077,
      107.79592560918536,
      127.95700652489904,
      113.71148751873989,
      129.60241623781621,
      128.82680504757445,
      121.01060208980925,
      116.41208490496501,
      105.71547192544676,
      130.3502751358319,
      110.66657960903831,
      113.08379738824442,
      100.34462833916768,
      127.72001404501498,
      92.92061183042824,
      105.02793402317911,
      107.5438336833613,
      95.38873261353001,
      131.57542930427007,
      122.83866152656265,
      127.61372395569924,
      105.40036255132873,
      121.29577567393426,
      122.00643122848123,
      113.43596205231734,
      133.68484244088177,
      124.55814385553822,
      95.91610279201996,
      133.21756012469996,
      107.88997011445463,
      121.94173245702405,
      119.16562547185458,
      114.02224135072902,
      103.679669811856,
      154.52191339770798,
      104.7705908564385,
      117.99851465632673,
      106.26362438406795,
      103.7361463776324,
      107.53203509235755,
      129.45853601419367,
      129.35132849414367,
      126.19073658750858,
      135.5357729458483,
      122.23037187708542,
      135.71330266923178,
      85.59450974373613,
      160.59518519800622,
      89.6374369354453,
      106.61497241677716,
      116.82742261490785,
      131.1205588451121,
      136.23901105497498,
      137.27678681584075,
      104.92172175867017,
      120.79584712081123,
      90.60298778465949,
      91.01594879757613,
      100.18900673522148,
      97.54684848757461,
      106.54482017364353,
      107.56632477592211,
      110.37580322020222,
      124.77004987781402,
      112.91778586711735,
      116.3886057746131,
      131.51008283533156,
      137.96871102810837,
      112.59831621940248,
      108.68631790135987,
      123.14074852201156,
      118.95966552803293,
      139.9927526897518,
      103.43379446142353,
      137.56866647535935,
      135.44532240671106,
      117.34551192703657,
      102.22542929556221,
      105.66107768181246,
      98.76283137383871,
      87.42045189777855,
      103.55678127286956,
      137.14111214654986,
      110.06687866186257,
      121.27638171368744,
      120.09879985731095,
      98.36382614611648,
      107.21789169218391,
      121.91777896333952,
      126.04185177036561,
      121.32924408011604,
      111.25594552443363,
      120.67615047853906,
      132.1803560849512,
      110.2474988263566,
      101.61899807478767,
      114.94068650063127,
      95.68122764735017,
      117.11286485707387,
      120.23983079998288,
      128.605718099745,
      108.64384561881889,
      113.5335196267115,
