{
  "120.0": {
    "obs": [
      109.14562533189019
    ],
    "p": 0.328,
    "toy": [
      89.36498540517641,
      95.50688455827185,
      107.99928931120667,
      111.34312199012493,
      117.43448564312712,
      107.21256108459784,
      104.35161773191066,
      102.36866821016883,
      111.6892321199266,
      95.93709815388138,
      91.19919555564411,
      95.0435549752001,
      84.90966725614271,
      109.98151347289968,
      95.7102997880429,
      119.43064090237021,
      78.49025293697196,
      97.23808081079915,
      109.63343135963078,
      110.37244322287734,
      107.3810113530053,
      83.97272972397332,
      96.76750983811507,
      98.9969972451654,
      100.81976836100512,
      110.29300250308006,
      95.89166367785947,
      105.31308184175577,
      90.83324225810065,
      97.69564445802826,
      107.00193247236894,
      86.61565402854467,
      108.22974224931386,
      93.80033257906325,
      109.7878708793869,
      104.09096756331564,
      110.63907234817452,
      84.52563582733274,
      105.19868975665304,
      105.11670029918605,
      115.26128326306934,
      96.75432058484876,
      107.80093809575192,
      122.8552599143004,
      95.07457825059828,
      110.56602835457306,
      74.02516845679202,
      106.52818151682732,
      88.34895331846201,
      96.53330538749287,
      83.10419623993221,
      97.60117988899583,
      90.91375588763913,
      93.04596509336261,
      91.59846960288996,
      122.35092967476521,
      105.25294842624862,
      107.62368403829169,
      95.10389684744587,
      121.75888726010453,
      93.51064636971569,
      110.02302652521757,
      115.50273283122806,
      113.74739059955755,
      103.97224463318707,
      102.80684644103167,
      124.52376181821455,
      78.98386507976102,
      121.35103223829356,
      101.13329231178795,
      118.7239000001864,
      98.1198441679444,
      85.54815972677898,
      95.52924715119298,
      117.23514099379827,
      74.38361827886547,
      134.86396099819103,
      115.18611068940663,
      83.2776559562044,
      118.5376307186234,
      130.53105484478874,
      96.21687945870508,
      92.1909998578194,
      97.50912653822161,
      85.79565542755881,
      119.96997679283959,
      107.03024123537762,
      81.87890954347677,
      112.48320825413975,
      96.07806653092848,
      87.80981517424516,
      105.01089571112243,
      94.109918935108,
      91.97741621344176,
      116.34061431240116,
      126.02885473669448,
      99.43981753477419,
      100.92439386527985,
      98.19384845071181,
      103.66803642229934,
      109.68955412821379,
      97.35036761240917,
      97.62079630269727,
      84.43737166680512,
      91.00043918167648,
      109.44708671426633,
      123.6353570142237,
      87.96672932257934,
      109.16148634786077,
      106.11314536172722,
      81.89817596002831,
      116.39041475541308,
      111.20788846901269,
      122.5735269451543,
      110.08617146984034,
      120.10973770564306,
      89.45043130920385,
      117.50317540216201,
      85.42964372932329,
      125.08256530140352,
      120.75930996438547,
      99.62023640103871,
      122.5854790747835,
      98.83858294985839,
      89.03191435617919,
      109.61135498444492,
      127.00496408360777,
      117.17520688308286,
      105.06321095705789,
      113.76261989443447,
      107.49895110695797,
      103.04641095656552,
      98.39596500819607,
      90.19672877674748,
      111.32881479930074,
      87.45086750977498,
      96.47776484726637,
      105.21323253627634,
      114.10150770105247,
      132.3749409947195,
      108.19634239628795,
      118.87495475570904,
      105.785583068282,
      116.0651484534319,
      99.9086380170047,
      119.58537263175822,
      107.36426980108081,
      115.73443990321539,
      116.49978525105689,
      102.62078438729804,
      103.48717348757782,
      77.56840406457195,
      75.80575634443085,
      78.45678923701053,
      101.41001472639618,
      100.90148392658739,
      114.99147547340544,
      93.76344058345421,
      99.26288785945508,
      110.89416140026879,
      100.00169705034932,
      129.32519463155768,
      86.22540168534033,
      105.52683711308055,
      105.53809848654782,
      93.53601499806973,
      103.07982043032825,
      89.54431142838439,
      107.85877001307381,
      85.55142414312286,
      86.64780620855163,
      86.08466564313858,
      74.95042512165674,
      126.08251888427185,
      95.80142625578446,
      122.43828797306924,
      103.89957799739204,
      89.4750062405219,
      118.78997769180569,
      109.51788598862186,
      100.04467573424336,
      100.94001424699672,
      108.54218599949672,
      97.93510630511446,
      92.05094695872685,
      114.11756841547322,
      144.21077806218818,
      144.25576406098844,
      83.406104383801,
      100.18250947532943,
      89.77625670784619,
      99.89112012801343,
      84.54002633692289,
      82.99019029873307,
      103.64749881386524,
      97.91931476272293,
      110.43569043307798,
      99.1496305049368,
      125.58257844932086,
      92.08927623425552,
      110.95883538370254,
      105.57752728239575,
      104.81423837374314,
      92.51901690213708,
      104.07011617728858,
      107.94812184140028,
      83.73314323789964,
      132.0494489831326,
      124.0406903886178,
      118.79783039627364,
      118.21300044382224,
      100.97335605417902,
      114.86942696473852,
      138.95769568956166,
      94.71491220837925,
      73.59227436169749,
      68.60168677879847,
      85.84239667785005,
      113.19103634156636,
      113.3501895526133,
      117.64147921396943,
      95.07173009950202,
      109.31639528121741,
      118.60750235320302,
      95.12172003170417,
      91.27224155487784,
      77.61702828142734,
      87.39533687640505,
      96.57785492220137,
      71.85904269639286,
      82.97659317629586,
      104.37280197090877,
      88.39307803013071,
      106.80902058597712,
      105.83978504544939,
      102.8967603751662,
      111.15404419794504,
      80.05745114047022,
      106.13213112403173,
      107.47558073223627,
      98.9033658246044,
      94.22348033009621,
      129.0211330463644,
      156.2812124287011,
      97.06373730192718,
      94.38793385078316,
      103.02050340693677,
      117.46927723783301,
      102.57893390943354,
      120.09419395723671,
      102.14398208416242,
      85.27237047512608,
      107.9434802152391,
      72.25302987947362,
      94.38904641209228,
      97.32981937188015,
      116.2506713160692,
      86.72955141347484,
      83.03709085093578,
      100.66774679985247,
      107.1879434606526,
      92.14436542394105,
      98.38238183817884,
      125.93623943916464,
      120.17308045309619,
      110.58074218934053,
      88.1398265974567,
      118.48857277857314,
      108.71158520552854,
      100.29643935851345,
      107.01901806972455,
      95.1882430191472,
      88.31555432121968,
      107.97196193116542,
      102.59947619632294,
      81.4062685980025,
      105.43582956174214,
      106.80114135875192,
      100.31005290710891,
      110.11548018004396,
      109.37451930064708,
      133.13135865224467,
      113.85269711380533,
      129.17066699014686,
      99.21216128469678,
      104.68634377923445,
      88.40747215528972,
      97.45778661395889,
      127.53844237227167,
      108.52565314722597,
      121.1493389342213,
      88.24987564182084,
      104.3653292251256,
      111.7073640775343,
      97.8802978018648,
      115.73756450440851,
      116.32895297530922,
      115.66887847858015,
      109.77260054415092,
      76.5804085417476,
      85.49816362551064,
      107.09421326463053,
      95.43760010847473,
      99.29804824529856,
      107.26854770031059,
      87.95008762732323,
      99.07233756380447,
      106.24439546637586,
      96.38052400684683,
      99.96232194399636,
      98.5662933763524,
