{
  "120.0": {
    "obs": [
      34.018781215447234
    ],
    "p": 0.536,
    "toy": [
      30.415951918745122,
      51.018304975332285,
      35.32142863948684,
      25.72287722665351,
      52.43167065749003,
      50.21014510600071,
      44.345372662792215,
      32.940983870314085,
      29.555177851827466,
      34.24875168647122,
      36.3888215891493,
      31.982302738615545,
      46.307564214737795,
      20.73830950158299,
      36.74367372789129,
      37.323869966872735,
      35.1097285482756,
      31.4536159502386,
      32.05703250170336,
      39.16205046610412,
      41.448307402359205,
      34.8757581223399,
      64.16369632337592,
      47.284501828078646,
      19.677962683490478,
      31.529002819544985,
      34.44734765715839,
      49.18097216493334,
      37.88698888761428,
      29.119664062302036,
      54.66200048120663,
      49.882225854176795,
      44.1820972767091,
      35.31174404306512,
      25.874667994619813,
      60.98828057835635,
      25.512746857872116,
      38.74964617282967,
      34.758422153041465,
      37.51722475349379,
      35.087131367188704,
      40.79930269874603,
      31.571977534738835,
      29.448321993164427,
      28.484359414498613,
      36.160410309290455,
      54.91110012574791,
      38.13687210690841,
      35.80680224802927,
      38.14369142296346,
      40.9485513227919,
      33.511849946837174,
      42.10995598948648,
      33.8907989079089,
      36.243086360234884,
      33.26150641789718,
      42.653173290869745,
      32.24500504831667,
      25.16439486823947,
      21.66102194540872,
      48.91788474201894,
      40.85097468121239,
      54.63892925433902,
      35.22459423895634,
      39.04868679118954,
      48.08767520508263,
      32.32489784700738,
      27.78889092821919,
      36.98037937632762,
      32.610623363085324,
      32.76599778098898,
      29.449061154366063,
      30.68832582435425,
      24.77291873892682,
      39.22337277708721,
      68.38028494286846,
      28.550192639537272,
      22.387904432602227,
      34.84511090669548,
      49.42892754852073,
      33.38433190916112,
      37.63658985294751,
      31.327844526575063,
      41.84184409158479,
      27.619104561286804,
      34.504962732338754,
      38.12217830513691,
      46.25630265813379,
      24.55215770724317,
      33.26441850773699,
      35.36238770854834,
      38.00159549005184,
      28.707601400630665,
      44.58295926327264,
      38.26482704494265,
      51.39691226690775,
      34.70281138246355,
      33.062250744274934,
      37.07200049942912,
      32.539620272873435,
      35.34700597315532,
      35.28175959085638,
      37.235068409230735,
      50.095843183400575,
      34.756947549227334,
      42.8770074748827,
      29.178131097112782,
      32.485143758385675,
      38.80053452443826,
      30.09797339890065,
      49.19176409178908,
      32.391529449785594,
      34.14014572890301,
      38.93322065220855,
      52.819340804104286,
      21.182741533615626,
      31.70303563393827,
      33.00698195152654,
      38.08257476646395,
      29.294264806099818,
      36.284567523311125,
      28.716492214916798,
      52.9413160362019,
      32.59650683407381,
      37.269915406293876,
      34.05652208520041,
      46.062740472923906,
      36.15418109521852,
      36.754482195428864,
      33.36126315472211,
      26.417843081428146,
      30.122113764155074,
      41.13447089510737,
      40.5080361385335,
      37.13395071338891,
      41.412194768439804,
      32.404999422084074,
      27.882292362774024,
      41.34153596615943,
      43.93866466124746,
      45.71304011799657,
      26.42691686798935,
      47.34391041737399,
      53.67559445444931,
      29.719611873675603,
      46.74282677506562,
      38.86460809192067,
      31.89658297263668,
      33.82394054026372,
      26.808306631945015,
      32.05784665432293,
      38.571254225447774,
      18.743843252785155,
      29.127795705397148,
      30.1295886462176,
      28.243022709582874,
      34.61340243182349,
      53.10382845132699,
      39.900615985214245,
      37.000247046074946,
      34.3052826010462,
      40.830982598163246,
      30.414447279727028,
      29.066061609475582,
      34.52096980295755,
      45.358359765217756,
      33.269735887086426,
      26.75864909804659,
      33.513918792239565,
      27.309573271159024,
      36.512891067271994,
      24.60893442753877,
      49.131432149421016,
      36.97510882489587,
      26.581256937221042,
      39.96839447457023,
      37.17221133236308,
      31.159866754162067,
      39.73765367142914,
      39.83617663321638,
      46.13567845624493,
      46.00222598383698,
      38.3230561459568,
      38.76181906887359,
      28.825410221150378,
      36.790607713744976,
      43.331774304577266,
      36.35213591490174,
      29.991877653534175,
      28.643752846182906,
      42.572692065441515,
      23.62453547644691,
      33.046628241892904,
      33.48408907485282,
      32.40826891474717,
      32.852899174213235,
      34.48384198291751,
      48.53877335989091,
      29.86234948013589,
      33.729526206494484,
      28.680656460237515,
      41.80100135765679,
      35.016202441300265,
      31.8995715674464,
      34.39627961937367,
      35.87458733304811,
      31.239055871970777,
      47.2319294008048,
      33.75914902937802,
      51.09878365176701,
      38.9516403073867,
      34.46627282224654,
      44.09470639368374,
      20.25397544002044,
      36.289188550334075,
      28.59977997220267,
      27.046955851532402,
      42.15977985687641,
      37.04670557787176,
      38.94598998869333,
      32.35827434351813,
      39.39299265323643,
      56.56408244885097,
      25.983664666586265,
      35.6571057534311,
      60.19115490906552,
      28.77775967917114,
      31.64728948076663,
      28.488916769179923,
      33.51091223065305,
      36.63206995856308,
      24.217608116479823,
      30.756199664981978,
      29.000244521659624,
      45.3829044506565,
      47.070051571507065,
      38.206836154917255,
      36.2908551881992,
      31.56606866808579,
      31.61565534579131,
      27.057094811716524,
      27.6137005434648,
      22.140508663978835,
      19.162621819457854,
      22.144906999572413,
      27.536402832047315,
      51.54241766683117,
      30.621063876824337,
      33.83644908502902,
      38.738455308717676,
      25.88929772013944,
      24.55349634792219,
      58.87556181377295,
      34.37152304901974,
      36.96758160016907,
      28.904421349077893,
      37.233927499830315,
      36.60540266757744,
      43.1956821762069,
      20.36774119803158,
      33.46346740757872,
      34.363806817738805,
      35.948568500214606,
      34.94821586994658,
      29.840959585395467,
      26.8959869413884,
      20.08031764539919,
      25.873632281953178,
      33.55161480814422,
      32.84036480206123,
      28.86067629930767,
      34.8988615733324,
      24.800813493915484,
      26.799548479124496,
      35.18926290402305,
      20.12533912758954,
      40.9966062504609,
      37.83479981511482,
      31.840207001339877,
      27.694350938487332,
      25.06092066979909,
      29.409889930524514,
      24.769903370797692,
      31.9690440329141,
      29.18658846278413,
      24.61073901849886,
      44.07448982416827,
      23.97264095848368,
      50.50812972737185,
      38.177093717167736,
      42.495620549430896,
      30.491720441023062,
      45.1283180654209,
      30.868051142628246,
      41.6180363753374,
      26.893655483254406,
      31.949674589814094,
      35.766089996221126,
      29.923204130835074,
      23.064155126325204,
      32.819525789425825,
      30.08636585210479,
      38.1080405131579,
      40.659858080332924,
      36.16445139599091,
      34.44047592295101,
      43.72601184454106,
      56.35244393518224,
      21.717594945213932,
      40.325536061791354,
      34.8882546117602,
      38.546625234412204,
