{
  "120.0": {
    "obs": [
      32.02055667468812
    ],
    "p": 0.602,
    "toy": [
      25.59534178684771,
      41.30259380010102,
      27.197629367627087,
      28.472396081084298,
      43.406554894208966,
      57.70275452245187,
      36.12734571303736,
      28.321749310933228,
      29.282871982275537,
      46.257174731988925,
      38.163019695391995,
      21.889111343472905,
      30.882880874672992,
      40.74895204638233,
      35.21382363917655,
      26.217497031277162,
      25.67894599436113,
      37.62998444797631,
      46.798497574145586,
      49.143041356404865,
      37.54452238422164,
      41.11686566818389,
      25.950868636369705,
      43.12338938724861,
      38.49122193861331,
      33.38183111303806,
      27.161206201442837,
      26.169402677027392,
      24.756735446902894,
      37.19047607844186,
      33.048903244711255,
      30.60525566778233,
      25.4508252550404,
      32.69674561109423,
      38.84548153863216,
      41.104491979691375,
      25.104568368329637,
      22.742086023241427,
      42.13216268512042,
      25.859317783910228,
      42.75021108114379,
      33.03673265400721,
      28.913718814954336,
      31.224665647732763,
      41.7925415521313,
      26.205832764393563,
      36.05773897602194,
      35.78478836176873,
      23.95477162104362,
      33.9890395426919,
      45.14635037070548,
      38.793702795122954,
      25.349926737973874,
      24.697131937104132,
      31.081897897387535,
      47.953670634917216,
      47.140740114959044,
      37.20698376151631,
      36.680159437550174,
      36.971221201394656,
      30.481967238698417,
      33.69582877022185,
      32.50946983851463,
      37.70542814526925,
      33.10228600208575,
      40.41833817271254,
      34.14943443617085,
      37.75888573616612,
      48.07564022283259,
      38.853483535574924,
      36.12295265841385,
      35.47869026772241,
      33.18198745038899,
      26.847079864975967,
      31.184980204161548,
      39.2081985890145,
      47.67123145227379,
      38.38479452991305,
      41.29152140041333,
      47.8218174080539,
      46.07050361355505,
      31.430063470827008,
      25.54602083512509,
      39.049721866180334,
      22.12342684088071,
      32.70930044924171,
      33.700882369463216,
      25.798480287372513,
      19.097282116399583,
      41.48856099014665,
      30.65920021006241,
      16.219225352426292,
      23.033737712896254,
      37.03973684015,
      38.74150613581878,
      33.62082798371193,
      28.908424318691686,
      29.388865039367374,
      32.05251998363383,
      23.090955753919843,
      38.26402547191901,
      41.189848759346205,
      53.576721463978174,
      42.14076553632185,
      48.4243256257505,
      37.80538197144415,
      56.6141801146332,
      38.41673167546105,
      21.89159631891016,
      36.92852696380214,
      29.35860028064053,
      27.39562083439523,
      47.954451337616774,
      34.48219977677945,
      25.973882074467838,
      38.18791955987399,
      16.05839694579845,
      32.675501347846875,
      28.112714552702528,
      29.483362022023357,
      31.513329349232663,
      31.628988384112745,
      41.734886601178005,
      32.31411161872529,
      36.35754052660923,
      38.90825379514354,
      47.04363577844197,
      33.10004411952832,
      30.17247189184127,
      27.171892534333892,
      23.862289721473644,
      25.84782919612917,
      48.587049127552746,
      37.854497121006716,
      36.12005722061804,
      34.7872454219214,
      28.36122874535431,
      46.279722568564466,
      30.9651639185322,
      35.59731753086453,
      60.386993191688816,
      27.77894165536418,
      43.6725982862954,
      35.87385059100416,
      40.45645366549434,
      43.21619112430926,
      25.512545067052997,
      23.88816799063352,
      52.86553535535859,
      22.171336219522345,
      26.996007846442808,
      31.86938420572187,
      22.930280947151914,
      40.46250564850561,
      23.270980266548577,
      31.507064776465995,
      34.28601620678819,
      40.5970414168587,
      46.82298964538131,
      28.588728604583594,
      44.17261427608901,
      34.631909799179994,
      37.2916766642993,
      31.492198885505786,
      48.09209320192895,
      40.23626167925977,
      28.31566840279629,
      27.80374236424541,
      45.46053480366754,
      19.2135976053396,
      31.456840451533935,
      46.844845047911804,
      41.00519603408247,
      26.507010334262304,
      27.038609435079707,
      38.36510493789683,
      46.72855164657449,
      39.405678953207826,
      51.34673037694665,
      21.962469252765004,
      37.26707673506462,
      34.678126666163735,
      30.45929240519763,
      54.979598293139134,
      37.319595684093656,
      33.22384236266953,
      39.96296741188053,
      41.484483439806354,
      36.540513658972486,
      27.974176696588984,
      39.3691982359087,
      32.17177416390405,
      29.19596161044683,
      27.805305261503236,
      39.265113574547286,
      34.291149593365844,
      40.52658856532071,
      27.018489119484002,
      40.81658747939218,
      40.918709146593756,
      45.40965708129443,
      36.45473033795861,
      32.54082137455043,
      28.64661827206146,
      22.68988102981166,
      38.82116591092927,
      22.408687674145767,
      26.967696071529645,
      33.524825812419294,
      39.32854532843703,
      54.11834713375356,
      36.58890659860117,
      30.115383372991346,
      27.84130623313831,
      18.730885467062762,
      36.882316549170355,
      24.03138913363364,
      42.72863458842039,
      38.12465151040669,
      19.797581554597855,
      27.694840516494878,
      30.187298596410983,
      29.873141090425634,
      38.09229329172376,
      38.388205125080276,
      42.94557883973175,
      30.723174667691637,
      50.34943075103365,
      30.747811919463857,
      43.60873786667071,
      25.59220880166322,
      37.16826201400181,
      34.776010174864496,
      32.0781494781113,
      39.73751086470293,
      49.602089555115526,
      51.4619346544132,
      31.18081743967923,
      26.14245258865776,
      35.88761639433869,
      26.520746568796312,
      47.299190522659046,
      31.272714984770573,
      44.860295455706364,
      29.85233218063513,
      44.12134657959541,
      40.750508198671014,
      30.74544835040433,
      25.843554720624525,
      19.342301032240357,
      36.28019685380059,
      30.167779480547324,
      22.99720836025881,
      33.33589772925916,
      35.24452001789177,
      22.497248623505584,
      40.29869510706703,
      24.314155575524637,
      29.04152292505023,
      35.38637642166577,
      25.688754879029148,
      25.607485758297116,
      42.45752590283519,
      40.05339236425789,
      34.09586690467768,
      21.62583837830607,
      47.59699668082612,
      33.566203914320795,
      38.76392969473818,
      38.75931056765694,
      35.67822468489612,
      30.83801307669637,
      49.420692089788645,
      31.47956738602079,
      33.03459537393428,
      39.09470319022512,
      20.468065954715712,
      29.402737774340494,
      29.206417983550637,
      29.27484022221688,
      25.31407495795429,
      25.085771063204447,
      40.482335516197054,
      36.678280908818124,
      27.592940141537838,
      41.51417301440961,
      38.06715772480675,
      46.60269397173033,
      25.074072760624404,
      39.26512972439741,
      42.580892981608486,
      25.970799062459264,
      54.83684254412219,
      41.82434319404638,
      37.13345338608269,
      39.83314159160727,
      42.02714275229664,
      34.378898665971064,
      29.42845930036856,
      32.984992241832515,
      43.86522041201533,
      29.656102426877624,
      38.06223588955254,
      35.745147872909,
      32.42656621716742,
      36.4584779725883,
      41.89922213063619,
      46.468348455393425,
      38.25892623646723,
      41.52070457514492,
      41.490235851029865,
      44.5167643763707,
