{
  "120.0": {
    "obs": [
      23.601370357984706
    ],
    "p": 0.092,
    "toy": [
      9.785204582589358,
      14.115004350733216,
      22.520344446096715,
      9.32366293153973,
      23.745325588344713,
      11.913507765348186,
      19.263784608738206,
      12.225628873129608,
      20.187042231842497,
      12.676874274431611,
      8.174962995621172,
      13.420929307994811,
      11.48586015723049,
      27.80499912189771,
      23.881389297032,
      19.033799192580773,
      10.649331789234566,
      19.418548178808123,
      23.64023563709634,
      19.838455502198485,
      10.214326453005924,
      14.488356123471021,
      17.977441375922353,
      22.166898534462234,
      16.787488119931368,
      18.592906900536036,
      11.982423121986358,
      18.014034415111382,
      21.773502327210736,
      24.26006266843251,
      7.853694292640284,
      12.149882759644242,
      12.27841448293475,
      12.5013066900392,
      14.503148519270326,
      17.485389832716464,
      25.824518907727906,
      15.460810024775128,
      23.07964801315029,
      6.032593908828858,
      13.340112814752501,
      7.840023148273758,
      12.682077307501459,
      20.58186666712936,
      18.372830401673127,
      16.22884249078197,
      12.787643630839739,
      16.99253560215584,
      16.2480236279589,
      3.7789221412494953,
      9.205819371640246,
      23.221022859186633,
      9.951319430627336,
      12.21181910217274,
      13.053015064764622,
      10.216506511511398,
      9.661913311083481,
      14.764022475588717,
      29.2740935711372,
      13.401845633830817,
      12.727282481726434,
      15.023012779798592,
      29.697734205077722,
      23.21259266031484,
      12.203610203592689,
      6.356778866280365,
      16.77481733381137,
      12.830579502970068,
      18.21242078371506,
      9.407817937473737,
      9.274789418188448,
      13.474222820212162,
      13.850674300607352,
      13.692310353053472,
      24.11481475689652,
      28.398833934628783,
      32.90843043376299,
      12.545509683950513,
      15.397525703243446,
      16.566689724484604,
      12.529321832113055,
      19.455094258668396,
      16.96990436627675,
      15.118966888821888,
      17.100826816738845,
      20.50563730120848,
      12.931883202712925,
      15.900779002211493,
      20.46144959781668,
      20.652871675163624,
      17.487448618816416,
      11.422076474631467,
      26.41842303784506,
      14.492089068091445,
      18.026635689398972,
      7.752304307039594,
      10.554842393601575,
      17.302710268020746,
      8.889982458076702,
      15.602923503680358,
      13.279005937889451,
      10.5961685924849,
      13.180882036856929,
      14.965076023850997,
      17.760832601972652,
      6.829607017079979,
      19.37310841051658,
      22.338552229019115,
      13.636946660968533,
      25.72597476246301,
      9.603414535355114,
      10.592161206306628,
      11.060844591851492,
      22.553537993735517,
      15.38187440956608,
      30.310084856508183,
      12.43572931079325,
      18.593488974707725,
      10.623661305235146,
      18.564971102834534,
      13.346487959759543,
      13.629248262015608,
      12.034595524972246,
      9.761933348974708,
      10.264257185801398,
      13.034324606018345,
      14.685551272559678,
      18.97142409863227,
      13.279663440353033,
      22.3386694843648,
      10.677312703872303,
      22.089815446768625,
      7.8838350948208245,
      13.355263915222167,
      20.04637956692386,
      7.653362675882818,
      14.857395978346176,
      16.45841596162063,
      6.11632260384431,
      14.347248368980217,
      8.462117544306238,
      19.573234474501078,
      23.649043432415056,
      8.040169656414946,
      12.776603871261614,
      17.360528384913778,
      11.095341309057403,
      17.17595326654191,
      14.476335312385345,
      15.790755649009952,
      14.333615131610713,
      20.2889176541903,
      11.99359828175875,
      16.877323157874343,
      16.32310232733289,
      18.795985760516487,
      26.77158852467619,
      23.58026168897777,
      11.665797312452924,
      6.349022531205264,
      21.92617219656313,
      28.190379022540583,
      16.086100970147527,
      17.07784471911509,
      11.246540335287136,
      17.109616314839514,
      19.936270864651306,
      8.616463789723639,
      16.477085546572198,
      13.492190733952157,
      8.391044960033469,
      27.411973463280447,
      16.15405553645178,
      14.967691827794624,
      10.089353108185605,
      16.252337448600883,
      20.761963299592026,
      10.755494213641214,
      4.850780540589767,
      16.68742195939558,
      20.33256412312403,
      14.825428744406963,
      24.172870084690658,
      15.771771541581984,
      7.135803636199853,
      8.642361318008625,
      19.63433601464567,
      19.452579422424606,
      10.57015499899353,
      25.899923655710154,
      8.706132879095094,
      13.190809600713692,
      13.395980265817343,
      20.170022379348666,
      16.239807849658973,
      11.746933143411297,
      25.66171229583415,
      13.678795991272636,
      13.761321352179948,
      15.663038522765419,
      18.09403970457788,
      13.341598574570526,
      11.783786929820053,
      6.710029436890181,
      19.75470325745482,
      9.040294038266438,
      12.851779989603529,
      14.66078655063393,
      15.756084229989938,
      7.15791386593628,
      26.324762747521163,
      7.121183058130555,
      10.048423589887534,
      13.861248829816759,
      13.940625530496618,
      20.098531340048794,
      17.04833360473276,
      15.35920186248768,
      8.137218355725054,
      14.973764843958634,
      13.036737358092068,
      11.683475147307036,
      13.411380773366545,
      23.262678733619396,
      12.147493520398712,
      19.641477810051583,
      18.000377924476197,
      17.922493792590103,
      12.81075006732135,
      15.404352104949794,
      11.950953882689646,
      7.511988343150733,
      12.098296447129542,
      22.34038209728169,
      8.708105991860066,
      21.149856575499143,
      11.799510180280777,
      22.102573516025586,
      9.012384495566948,
      14.696158596154419,
      15.1532689085725,
      24.800947249030287,
      20.380778067963547,
      17.672746045274835,
      16.676327488759853,
      12.500987343926681,
      15.47228958780397,
      17.365558677029185,
      13.061879364930064,
      15.68413622854132,
      17.401361136875494,
      8.350067050461803,
      8.824346248929942,
      14.282771402773506,
      14.424707533151377,
      23.019723195549886,
      12.554552506760956,
      12.854993466826272,
      13.185578516397072,
      18.384357995229948,
      16.76528538639832,
      21.2071558579446,
      16.602205979063,
      15.96049390477856,
      14.953660808019777,
      8.047880108068057,
      15.687058038351097,
      20.647502011535835,
      7.177736572197318,
      35.07345213622466,
      10.455343412621005,
      8.83130006547799,
      11.121995868357772,
      22.77169844288801,
      13.357029180911923,
      13.394627380319434,
      13.249584593169857,
      14.41988572723858,
      13.25621696347298,
      13.697311673389777,
      10.32361607905841,
      17.343652724666754,
      17.109972835383815,
      16.899181266544474,
      10.193136476220388,
      20.771711241261073,
      15.787371735597844,
      14.435340603187797,
      12.114438291577244,
      10.536390726305399,
      12.50770656613895,
      9.895479623279243,
      11.726001246963278,
      15.33684770095715,
      25.591552325982775,
      20.412810049718246,
      19.758611727302196,
      10.123735937773745,
      15.530899046490958,
      3.468859649976366,
      16.320043359675765,
      17.27261188940247,
      13.327614581685339,
      16.94662621956377,
      23.523363307842374,
      21.348998830617347,
      15.05252086676046,
      31.783584689579584,
      12.59222096571466,
