{
  "120.0": {
    "obs": [
      20.35266913684245
    ],
    "p": 0.234,
    "toy": [
      21.742563815296307,
      15.60884889785666,
      11.473913769692444,
      19.55078703556137,
      23.914849399348896,
      14.790469675401255,
      14.732058139459696,
      20.83461457165322,
      9.55728583480959,
      27.37224910227451,
      15.808595289727236,
      17.116686500066862,
      30.610235048934555,
      15.850359783307795,
      17.14535444139983,
      12.44246429710256,
      19.109790225305915,
      10.107353719737148,
      31.454757193710975,
      7.811138959681557,
      12.487147398158413,
      18.858784803753224,
      14.500474078588013,
      19.136409809700126,
      11.504799779293535,
      24.561721217662125,
      15.294212316272024,
      7.4381209474559,
      10.420562975952635,
      14.793319864042132,
      13.624271786393365,
      9.731094562375802,
      12.42712828781805,
      25.2483892109085,
      10.991443256880302,
      28.880463160105137,
      15.670206952319859,
      13.901224099026877,
      10.085722327177791,
      16.181481143947167,
      5.3847251640945615,
      6.359552058293048,
      18.441032847269526,
      4.040072285835777,
      14.684532751831284,
      25.433494049600995,
      23.417849122990447,
      15.13204050659624,
      11.48482432462697,
      25.276491954264202,
      17.699296767870692,
      16.63491967859227,
      15.953688283552765,
      13.314479826563911,
      18.18483383504281,
      8.207271649091126,
      27.391258310894045,
      31.229431516298064,
      14.076930507086217,
      24.927988702296716,
      14.01467049510029,
      12.40662812814844,
      19.708714066138782,
      18.787359373749496,
      19.624037394085462,
      18.05435213023884,
      9.891908083460294,
      22.39857517580822,
      19.989735339600884,
      24.061040316242725,
      11.168410580066848,
      21.997643445083668,
      16.2645585922146,
      10.82831278969752,
      12.400672850591945,
      18.226789590971748,
      16.422164553667244,
      13.32828744890503,
      23.824163865778246,
      17.15242211245277,
      18.099736978085275,
      16.117233048520575,
      17.676877587076888,
      22.186972394913028,
      14.109386339430785,
      20.8122745891269,
      13.308086091983569,
      19.858096247768117,
      14.602368157338788,
      9.202083109699743,
      18.17839968160115,
      13.985472336167732,
      10.731515776216838,
      23.667767906761583,
      18.536325115295767,
      17.812290059635416,
      9.47714970409288,
      6.385223797886283,
      18.31856633248026,
      11.075616372952936,
      21.258063625278737,
      13.119848932983587,
      15.643624911146617,
      32.037840789129405,
      25.205613401583832,
      8.692507138672227,
      10.582728486479027,
      25.54276705281518,
      14.492384514876903,
      27.89591654594915,
      6.7587244150054175,
      37.852889155048615,
      12.012815774149203,
      17.972004184437537,
      13.65288692442482,
      17.847267669600114,
      26.355851877477107,
      15.002379643490713,
      10.891036316006648,
      21.581171980476938,
      9.157568114642345,
      18.50048547487677,
      17.14155219339591,
      22.073595470668806,
      7.831500451822649,
      6.854884375567053,
      20.11526406437042,
      13.749581572603347,
      7.361212317722675,
      14.136691346440784,
      11.895413265061507,
      8.666724552662345,
      16.237589488129743,
      15.52445041775718,
      16.3101900285983,
      13.648937940561154,
      20.97737004958617,
      14.257622911012731,
      10.268025973709882,
      24.96748724671488,
      23.678724357505416,
      35.37115739587898,
      15.215303836936073,
      27.027518868329935,
      16.52684765739832,
      6.8812080543721095,
      11.658267803977651,
      10.600084919435176,
      13.61802046432058,
      16.638777668227704,
      11.477390764706797,
      15.441226886192453,
      8.975932048277173,
      26.21343623910434,
      21.250700604468875,
      22.14932420002151,
      11.457883650531585,
      20.588118572759413,
      17.279337423842662,
      17.146832914862898,
      16.30477760424037,
      15.320257938823488,
      17.577101564475015,
      10.057555645231332,
      21.673636271130817,
      21.32842378343412,
      24.240709892990708,
      10.162102525719092,
      19.392359342222335,
      22.944010636823805,
      13.913607734397374,
      14.407700123934774,
      19.955275931446522,
      20.765251992175763,
      13.05490783274945,
      9.723661052408715,
      14.930847810894193,
      13.167637313756131,
      9.925748603785905,
      10.92279494669856,
      10.107232305712387,
      9.56867549866729,
      13.88955274241016,
      20.086218048374576,
      8.959835215664498,
      22.270068477937457,
      25.247935162798967,
      11.827225449593243,
      28.096695675649244,
      12.40946340679875,
      14.989602424575423,
      14.432349601938768,
      15.890490575646254,
      31.412055182685435,
      16.45082906900643,
      12.018664065792109,
      11.033604653544899,
      10.573554988946853,
      23.21352480395217,
      5.543494092675246,
      11.054940215919487,
      23.732899005037325,
      21.897761820790038,
      6.664058127429598,
      18.035085969946522,
      31.011700099563313,
      32.91379622631575,
      18.380446196537378,
      25.214403021600447,
      27.86960056528187,
      18.501278162340896,
      16.261266578418144,
      12.938020162691828,
      20.863633420714905,
      16.861250575129816,
      22.637411824915034,
      20.52737636094389,
      10.066415102886822,
      19.082684831035294,
      16.382126978223823,
      15.606866890568199,
      27.614314614118484,
      13.715513386585371,
      23.06159588882656,
      18.5801388793152,
      15.937676778714376,
      7.735764602279232,
      6.808020837062941,
      9.004860740828008,
      15.804266281262244,
      15.566222553035914,
      19.77314841986299,
      19.127695649200177,
      16.100500450163963,
      22.685397228713555,
      17.22828507074155,
      22.024083810214506,
      10.139145240569633,
      8.370360687225912,
      9.53968707930835,
      16.37015507185788,
      7.145399371209351,
      29.476217688552424,
      20.909963109053933,
      9.143241086261696,
      21.84808435368177,
      17.833110506449884,
      10.453701321872359,
      16.18818751923027,
      17.293345427384338,
      15.401194961985311,
      15.594970843565534,
      26.575838347464014,
      15.955097897603991,
      13.939175161325693,
      9.887664494024648,
      12.978809217747767,
      14.33888420423682,
      17.98676496182452,
      23.445162106785574,
      9.834719073118322,
      9.628924302098312,
      7.3484594879701035,
      11.385474633243575,
      16.097241214803944,
      14.67673110774922,
      37.103069804081315,
      16.646323168231902,
      9.286046875178727,
      14.532083763977425,
      17.46917910927732,
      7.155685219026054,
      11.01744733299347,
      14.319076658288395,
      18.986428710548353,
      20.285664402876137,
      10.939568891222734,
      35.50398267685523,
      24.639901055728842,
      15.518709759700869,
      9.836056579773867,
      8.88986638647475,
      19.142101404744608,
      16.963238507265487,
      9.984344853026414,
      9.371655915550946,
      10.976931648074242,
      28.885037479274615,
      22.214688578977075,
      12.313978351969126,
      12.560221881743928,
      16.44294074226127,
      8.035198093213694,
      10.170832620104193,
      16.03852560809537,
      22.509451334059122,
      10.408418670092942,
      7.676656779858604,
      10.585642417012423,
      25.442413277767628,
      16.806303124161786,
      18.168715699637687,
      14.265931132558762,
      11.551457470824971,
      17.297211426950525,
      10.898660157945415,
      14.000611351628322,
      22.239633087410766,
