{
  "120.0": {
    "obs": [
      42.59706373645895
    ],
    "p": 0.084,
    "toy": [
      32.98593660898041,
      26.70706429103302,
      41.187074476074486,
      25.555569613577973,
      33.564672733024054,
      34.8129675136006,
      25.461057210828585,
      30.76338872010092,
      27.773619767584023,
      37.806398547661956,
      29.145068707141036,
      35.681269927939866,
      32.44564853506745,
      33.49792712801718,
      34.900412136172235,
      26.25905796536972,
      34.5495834575122,
      23.22757042863668,
      24.25350112252636,
      31.502777889916615,
      31.792916442522255,
      30.9086341664879,
      32.81514761511062,
      35.441970663108805,
      31.310285105493676,
      45.23896869664168,
      20.644425772552495,
      34.00466009511729,
      44.662757181489724,
      27.302037421235582,
      27.307295206934214,
      34.87647467015631,
      22.179259705801087,
      24.49926495400723,
      23.619976806825434,
      43.228579730734054,
      27.48611953789805,
      41.215514383984555,
      29.229729937600496,
      27.107144118614087,
      36.798671673714125,
      27.895428638839803,
      42.77328736427444,
      21.9749502899067,
      33.516472973489726,
      51.85051123591984,
      34.179289586529194,
      36.70087039251666,
      29.167594629987434,
      41.926987242142786,
      22.570794587983983,
      25.694148363392742,
      22.284581284147862,
      18.687649430474266,
      36.45842682830698,
      21.631079108228732,
      41.14709784036677,
      49.83260169001733,
      36.44578640723921,
      22.583488208489143,
      20.098914780312043,
      34.29273724267841,
      28.638661972872796,
      24.77235236261913,
      26.973335404392856,
      20.850560453247454,
      29.148497469759604,
      41.411754579050466,
      29.995769203538657,
      38.05718489840365,
      35.790777596521366,
      53.99816333044146,
      38.814530267060036,
      24.81069400931301,
      25.269132358356728,
      27.798652257835784,
      39.38191167879995,
      25.27538278866996,
      41.05936875791667,
      34.50836474792595,
      34.24946074248146,
      42.76444698193518,
      28.223275668395218,
      35.45535745570669,
      25.510602631162328,
      38.143397257255856,
      30.17291766143171,
      31.924081530327385,
      38.66456189809105,
      32.89802563572448,
      30.45374898443697,
      25.550604910007678,
      37.12111762263521,
      29.012132859315898,
      35.62607303709956,
      33.24215220751648,
      22.10053826224612,
      31.859894894492754,
      26.520415579449036,
      37.552261601122154,
      22.8810789664567,
      40.14579790366406,
      26.966563211011817,
      34.61187889584835,
      41.938910154443874,
      27.206019910794566,
      45.256734443377354,
      29.73154903640534,
      33.27649379873037,
      29.63726985960966,
      33.44876214572287,
      44.49723519280815,
      39.70178727284656,
      24.00856308159564,
      28.177287111750047,
      54.833575620432384,
      28.003059566130105,
      34.655019302488654,
      39.083796665174305,
      38.15691053176852,
      33.26047731430299,
      24.92684163877857,
      35.73244663979858,
      26.949222369636118,
      33.13813015080814,
      31.309106089880515,
      25.613609228195855,
      35.31804999827,
      33.03568994163652,
      26.027713353425497,
      26.05005615589471,
      31.84989467534615,
      19.787400674737,
      35.023177968636446,
      41.2173985082045,
      22.39209394016507,
      46.7104616884244,
      18.633930416443036,
      31.635492577384866,
      32.67909233039245,
      35.630799176418805,
      28.151154580329603,
      40.49538382308674,
      34.79052152029908,
      50.18281401962304,
      33.22923013832042,
      44.71754184861493,
      36.49432147271,
      46.926616602693684,
      24.004452105567907,
      42.806391785234155,
      39.154245463811094,
      22.800552087966935,
      32.82516285270685,
      28.508605224167695,
      29.813272476720158,
      27.378346300545672,
      29.858441848344228,
      38.82910915856337,
      28.94937503193796,
      24.291098645429884,
      35.853843863660586,
      30.728352535923477,
      45.80898455106217,
      27.69199461685639,
      38.70386139665061,
      30.52504500215582,
      33.721435838633624,
      36.49337500520778,
      27.813827148369455,
      31.23124840271339,
      37.87636427927646,
      53.24565859813447,
      27.615558559096826,
      29.82597722902574,
      45.59973312947841,
      30.41910989547614,
      32.38706872335024,
      34.426845927395334,
      37.36066537810257,
      39.73688591908285,
      34.756306518713245,
      22.77905223473499,
      24.747573572843976,
      33.57867921981233,
      19.676330354152014,
      47.58976393708144,
      40.70174741779192,
      36.86241690992756,
      25.63233145466802,
      27.328400936545222,
      23.45925671236182,
      29.7450338795461,
      29.67617969652929,
      32.373191810853314,
      37.20061012572842,
      33.14862810361228,
      23.56343948921858,
      19.90191780054738,
      22.492185243092536,
      36.35724355371349,
      31.582902832138643,
      40.21129389921407,
      54.27947839815897,
      19.184993892988132,
      44.780330746871186,
      28.30970390875882,
      22.123192951657984,
      25.617845030050375,
      27.623866080357402,
      30.522878446485265,
      32.79898482224962,
      28.464503268594854,
      31.363630430183548,
      41.66840848013817,
      28.250347774941474,
      35.51647767859686,
      26.853182679049496,
      21.91864569666359,
      41.89771376934368,
      38.77378260841215,
      42.74799793861894,
      26.732587842248904,
      18.36972692555719,
      38.21868418134545,
      35.81178164746234,
      22.22781417262013,
      36.89364214763191,
      34.0897853023489,
      34.705188306419586,
      35.03036226223048,
      35.25045374160254,
      27.508464818354696,
      30.86791788701521,
      47.13944748372887,
      39.086431230418384,
      35.93715392219019,
      25.374465366170625,
      27.34218204778881,
      32.99667680379207,
      36.19550939371402,
      42.136063833087974,
      19.491456198149535,
      40.350971993429994,
      32.07233501266455,
      29.657891187496716,
      22.75593273058621,
      24.693510133045493,
      26.46733874162601,
      40.30416589281231,
      47.916001858582604,
      41.83240774359001,
      36.52694368138327,
      36.526774528269016,
      44.12470249092439,
      29.91654047973134,
      36.70635886138189,
      38.713819164113374,
      20.616949645642308,
      22.103029720659833,
      35.81188462345017,
      41.68838771212177,
      22.167391049457365,
      23.172016430806252,
      41.83582062131609,
      32.84657671784953,
      41.69474470589921,
      41.7750376290569,
      15.42868599335634,
      36.98627442947327,
      41.70192281277559,
      25.02198159022373,
      30.40337189893762,
      35.53610896732425,
      26.915069993214274,
      38.941282839063206,
      44.24660938125453,
      18.711214583971014,
      24.127325228400878,
      38.3456399405768,
      34.89910924072319,
      22.02387267571612,
      35.49420368032588,
      31.303669134693337,
      45.24993286755489,
      49.96322918052465,
      16.891645019080897,
      26.080022305039165,
      28.167990197856852,
      17.26705193168891,
      34.192238248440844,
      20.310189880314283,
      22.700034081448393,
      57.43452605577477,
      20.59817498215125,
      26.78642666056112,
      35.10956290442846,
      21.36393403680995,
      22.556434043661284,
      38.50377037959697,
      34.534760689450195,
      41.60880015740986,
      32.91855746219517,
      31.174272823474894,
      30.730770729438518,
      33.81279437466583,
      28.721023031015648,
      37.663068943526014,
      22.474053119847667,
      33.7801222015114,
      34.89937550670584,
