{
  "120.0": {
    "obs": [
      67.93889104499249
    ],
    "p": 0.574,
    "toy": [
      73.39108026657777,
      70.78971336253744,
      82.34282939854893,
      79.1311818848626,
      82.71124714269536,
      50.73810425803822,
      89.72891248753876,
      73.71031515639334,
      74.02308083236858,
      51.847594781414955,
      78.7243982739019,
      81.76720096784993,
      71.21520146807597,
      66.03860812910716,
      72.48993979439547,
      96.23075556659023,
      58.08121759731148,
      73.23379948076035,
      59.9295710920851,
      93.17474225183832,
      81.64025423351268,
      80.11103126102535,
      73.1562392263877,
      58.80838174508244,
      74.11808142240625,
      77.14668020898534,
      60.92136622550606,
      56.57248461600102,
      64.94648768074694,
      80.66239225761092,
      80.25633269494574,
      88.99548810871784,
      84.16740075500275,
      61.21823150421551,
      94.90589315543184,
      82.03078827139689,
      74.50643708789721,
      65.19924075105519,
      61.16457150776114,
      82.38464800213114,
      59.08645943654119,
      57.979406550264684,
      71.86344926612219,
      77.62626860290766,
      64.58154005523829,
      57.144737821101444,
      63.41658071207348,
      89.64600310614333,
      95.10343283110706,
      59.28010884669493,
      62.17599449376576,
      62.335652001114795,
      72.22968402727565,
      58.35047595469223,
      69.80430741212331,
      63.46987738604366,
      96.77701121247082,
      54.14836080229725,
      81.45648920774693,
      45.02116486719751,
      52.76939362403937,
      62.99792276477092,
      69.97438726658584,
      63.70454328284541,
      67.77449353355041,
      65.84577960513707,
      80.53867199546949,
      78.53700853814371,
      78.68105293519329,
      56.10781880929426,
      50.84558587617357,
      73.3866377381928,
      76.08635624063027,
      61.300570521489135,
      66.38367646851111,
      75.76425697331433,
      86.9521111476788,
      84.26846847242268,
      68.94302636082284,
      54.00520380247326,
      60.11357815400697,
      66.62151366265607,
      81.18229024398897,
      85.60187195475737,
      63.63314979591814,
      68.56809723863262,
      82.30534989431908,
      68.6159644965519,
      66.94543648368563,
      72.15705032969709,
      61.23653951440065,
      50.941148427984444,
      78.28537349456747,
      93.01877745274396,
      55.91280781547539,
      85.9980001574877,
      84.72553720805445,
      77.18031635682564,
      81.21126395421743,
      64.06628041456861,
      52.8784876830905,
      50.31879276795371,
      70.46086153616488,
      60.788837978296215,
      73.79974900980596,
      69.41439116705442,
      89.79153059581586,
      58.05483291899145,
      80.16597861314949,
      74.32150418838137,
      61.03450193880417,
      104.2907518978318,
      68.47231700486736,
      58.89140427845996,
      76.04351514023438,
      65.89975161979964,
      61.85205347563897,
      61.56544765972649,
      66.34079059015494,
      70.54565845898469,
      63.62361689393583,
      67.6122620421811,
      82.0902710492519,
      64.12445966473024,
      68.53684061038075,
      66.81568121742748,
      45.48953356954735,
      75.72484943790187,
      67.70533608630649,
      56.93902140199498,
      90.41986760418513,
      57.08776160789421,
      106.06758612126578,
      60.56459964971873,
      79.62354464968666,
      84.51582715789846,
      87.43993673501245,
      63.84345651009062,
      60.02411034675606,
      69.3106435714435,
      80.58356304965855,
      68.1368610538484,
      96.0377921211475,
      60.211868458151,
      60.50707485769817,
      53.316321023594355,
      65.10005185898626,
      69.39866486853862,
      67.86039701876871,
      60.962760831884225,
      94.03861473486177,
      74.66303539612272,
      90.59168604543083,
      61.203775871690596,
      57.50848146878707,
      71.16283849845058,
      77.7291675251181,
      73.50753670584527,
      72.08675689292431,
      68.99915213891654,
      65.50794582472008,
      66.3835708432598,
      74.10215680042165,
      54.58431020352873,
      83.0927389490098,
      79.54031499986013,
      90.90273819862341,
      63.15369136494701,
      68.64324040521751,
      102.19179763607099,
      59.261977997477516,
      78.66006954559998,
      63.500077653239714,
      72.57729573694814,
      74.20802772695606,
      75.31814907788066,
      65.75032532867044,
      62.22275934914069,
      86.58124287147075,
      85.96071313593711,
      62.136479636945296,
      62.51279913140752,
      67.10887324267242,
      70.6998738055845,
      93.05776019426412,
      66.53944061207585,
      49.05601067295356,
      69.16571716254111,
      68.40067914071551,
      67.03031788562657,
      59.01716430668603,
      85.38992984243669,
      57.32868564790988,
      90.32513475086307,
      64.57900459165103,
      55.50160824453633,
      70.26658403531474,
      69.33280559074774,
      87.57185340792057,
      64.7869375871378,
      82.10651884459367,
      96.22709242154087,
      81.3936165136547,
      51.229310979586444,
      62.98900029968354,
      99.75052030861843,
      66.77007295949443,
      66.45007219654508,
      91.32055909677001,
      75.2951720902638,
      56.21378831511538,
      60.60112190323707,
      73.5180188628583,
      90.86006423206709,
      59.723202879264136,
      62.88058553566225,
      83.30142845300725,
      97.35816728006466,
      45.12454673284083,
      54.780467445831164,
      50.98507228489325,
      53.73786272988946,
      46.83444046713703,
      88.44435086277372,
      92.7821402525733,
      79.81247359426925,
      60.89395406002586,
      72.04655357859156,
      76.34929558967997,
      79.47417198074982,
      73.91263638650707,
      70.13802874655812,
      69.29366390964424,
      80.17715557743213,
      61.60478123874054,
      69.71876886766404,
      69.44669384918234,
      75.22014919087815,
      82.00830065501214,
      82.2054172391654,
      71.7503843598679,
      74.6371754930733,
      70.52688819509058,
      63.498746582641616,
      54.17077960692404,
      82.31431957043242,
      68.00274461231311,
      81.12874576513423,
      65.15908494174073,
      53.392621294769924,
      64.69646341008774,
      78.05588265726692,
      78.68113388045458,
      80.46877273498103,
      78.61395240845741,
      53.604979723037104,
      83.3799140835763,
      83.4469515762612,
      67.63322991132736,
      48.670867155189626,
      66.27735468634637,
      75.47271480648487,
      78.87067231157562,
      76.54982961108908,
      83.29011585043918,
      57.124831776091014,
      83.55300754585187,
      62.3776039518998,
      89.23650180602272,
      55.47401209217787,
      44.0179776585137,
      62.550544385725516,
      70.35309662709187,
      54.3086395522987,
      59.300690457836026,
      76.64686983457068,
      84.91136273260054,
      43.31321284714795,
      93.20401576295262,
      63.9859110796242,
      82.33332125969173,
      70.70571819225734,
      56.59672520334425,
      45.51328947735601,
      62.9138535780512,
      88.48085403154255,
      89.29123851344048,
      68.03700928637409,
      49.529084779976984,
      81.46207156924356,
      97.2769535460393,
      68.79414688557154,
      66.43543273844989,
      70.1298262912751,
      67.75713901603012,
      75.50802204052161,
      88.70579776856175,
      84.16319423897949,
      76.7130105028773,
      84.77290277482825,
      75.04214442502416,
      75.62990668599377,
      72.0860818913352,
      74.70827981480397,
      65.33701293311606,
      78.76604899510858,
      64.38206944930425,
      73.43248845239577,
      64.62294852208288,
      77.57801942255173,
      56.2104459561815,
      81.08541017350217,
      74.20488495033351,
      76.1827676089597,
      82.1197803553805,
      73.20892518947949,
      75.9123157679278,
