{
  "120.0": {
    "obs": [
      103.43804855976487
    ],
    "p": 0.018,
    "toy": [
      88.21038120583398,
      85.87514224165352,
      78.62346034060465,
      66.64192749286303,
      77.15740454586921,
      88.72375583735993,
      71.78053298348095,
      79.91523109242553,
      64.72477190505015,
      73.25020988413598,
      75.65184283332201,
      88.08448784216307,
      71.32812844577711,
      83.91172125260346,
      95.21439556131372,
      70.88758092257194,
      70.05566654430004,
      101.72282547311625,
      96.91409136232687,
      89.49745705048554,
      91.59574521140894,
      87.94066177250352,
      54.565190007560886,
      90.17204280704027,
      66.09841205959674,
      68.23361348902108,
      59.59402056678664,
      68.46275560831418,
      61.122617851244286,
      64.80009461648297,
      67.01505410147365,
      75.84952585428255,
      99.26258792198496,
      65.43829548283247,
      82.38257963681826,
      86.06767349049915,
      94.07677239569603,
      66.85096518602222,
      81.0104467382771,
      99.7122895741486,
      77.31235860503512,
      77.29343566211173,
      63.79758818092523,
      78.56229198246729,
      93.68264450773131,
      91.31326032301877,
      63.231806897267234,
      77.92408911627717,
      60.067003137781285,
      71.59189297922421,
      73.4324930664734,
      62.016046555829234,
      61.07791242044186,
      53.33085632021539,
      119.20830353081692,
      82.02315636182902,
      73.25336912937928,
      75.88038242806215,
      80.2948988203425,
      85.32093565835385,
      91.08935985981952,
      58.68392299301922,
      87.02661416627234,
      83.73620610573562,
      66.70466601249063,
      108.54372031567618,
      63.21330116450554,
      63.10238946491154,
      84.1829365917365,
      83.30442663014401,
      105.00210216839332,
      79.65579769614851,
      109.45349433313822,
      70.31939462840091,
      92.55336906481534,
      85.45217546471395,
      70.33050206396729,
      66.9923276930349,
      64.92505814647302,
      64.81073489401024,
      83.92938417516416,
      77.95918369927676,
      81.26151232147822,
      77.52409058366902,
      97.17561234364985,
      89.21341808274155,
      82.65239422593731,
      68.76381745387334,
      87.20297088974621,
      70.69839455123292,
      94.86227964790305,
      83.75245763536077,
      82.18814439506968,
      77.66277292207815,
      78.66456658783136,
      65.66470389178721,
      94.73624567169463,
      87.13701546937227,
      77.05427508614957,
      85.3594520384213,
      69.1551290100324,
      67.78908397204941,
      55.77261505665956,
      93.09013769280864,
      77.37312996579567,
      42.23237429262372,
      76.60598144930555,
      85.60297159332549,
      75.6257257394027,
      61.87382690934464,
      69.09614373836666,
      57.529970301897265,
      80.17925736500183,
      63.357428940129466,
      64.23430193011882,
      62.125832190096844,
      75.13568904466229,
      71.92161896964535,
      68.80236874136608,
      110.28512555744965,
      76.292549052916,
      93.58669386856491,
      70.25816798309097,
      78.49926287593553,
      73.09370612591738,
      66.89701883471571,
      67.43129770510131,
      83.41142505436437,
      73.18871926463908,
      85.32463283918332,
      74.55329849431291,
      79.41918143635849,
      84.56895222654566,
      67.12262003606884,
      65.71570763585623,
      85.78885793808149,
      80.58566166972741,
      56.179199423408136,
      59.99113270593807,
      66.7731182143325,
      91.78962103411322,
      87.81886995764216,
      95.0803381879814,
      67.15330119227292,
      83.20383622450754,
      82.46044836373767,
      73.23311811417807,
      58.19052862463286,
      73.18026217957959,
      105.59555320790969,
      75.66274548083311,
      79.38964960392332,
      72.19988340401324,
      83.35335565340938,
      74.35531203245046,
      70.34223458607448,
      74.79623017291306,
      85.66072919254657,
      47.005614089546725,
      65.53860041243024,
      70.59736149344826,
      76.9703184744576,
      78.83316818292951,
      69.46944737265585,
      93.56633695733035,
      98.7338427908835,
      55.24463546060724,
      79.9461435067351,
      86.40639419079525,
      59.14375508989906,
      77.23147885216167,
      76.2674092357629,
      94.16532082116464,
      72.05060925532598,
      75.65428526623873,
      87.86086481634993,
      82.74290697061224,
      79.91152253333712,
      88.56046870589489,
      65.22621811548015,
      58.808807537541725,
      71.45722405350534,
      66.79412261507241,
      83.44797716027824,
      82.23178550618468,
      80.70192574616522,
      71.75285897759022,
      81.05409405817045,
      81.26796260679839,
      74.73113699024543,
      65.43220640445361,
      77.24693831149489,
      83.75008030125173,
      59.976989927352406,
      77.16642573848367,
      90.93852342292666,
      68.7642444964149,
      95.08139598550042,
      66.15678808814846,
      91.47005021834048,
      66.11489898816217,
      62.278863537008874,
      70.4714989673812,
      102.41769141086843,
      58.87912397296168,
      73.0713322807569,
      92.07916003459832,
      88.3791122167022,
      92.26520478044404,
      63.0598699633847,
      91.02395555062685,
      46.12064350111177,
      71.88403768424178,
      57.413273032289,
      76.98000554036116,
      95.6987859136425,
      70.54543983825715,
      62.61436684400542,
      67.99123143410543,
      71.84934466262348,
      74.61965220805723,
      70.66431598347845,
      78.79636043409118,
      66.89056053617969,
      81.1692855382571,
      89.02897557843244,
      66.24765798490262,
      72.63265764107928,
      81.65125128970249,
      61.18060680059716,
      56.265194900275674,
      70.58219087467296,
      80.75796895177336,
      71.31382888817461,
      63.47538159479154,
      68.32725722028408,
      87.0296363622765,
      77.80795899912482,
      72.51821566763101,
      69.86763712164247,
      61.15619490679819,
      79.56124224246014,
      76.98581294238102,
      82.20158691215329,
      90.14618987543508,
      77.58779243612662,
      71.67863616900286,
      98.47604393702932,
      64.09102912858361,
      79.6984743711073,
      67.41918961558258,
      57.68606340273982,
      73.35079786658753,
      91.26177453872515,
      66.83144404605264,
      77.42714438901749,
      85.55155570158968,
      89.30114086443791,
      85.97259569499874,
      81.71824166283477,
      82.02404496760573,
      54.438621600100305,
      95.03034828737145,
      81.90597162861377,
      81.37889408774208,
      83.25560674833832,
      66.32056867727078,
      77.05248971813126,
      74.21291454019956,
      68.33931809064234,
      72.12273753847694,
      91.01072128326632,
      79.66942730511073,
      92.37479257123778,
      87.63537004735554,
      66.77396633470198,
      78.55114405980567,
      86.20891884289449,
      61.93807967728935,
      94.78009627951542,
      80.70159009529743,
      73.93169571843464,
      85.30894040007843,
      86.83987420500489,
      79.38419417454861,
      77.54315979400417,
      72.1350320878555,
      85.90262365795206,
      74.19719961192459,
      71.78001041023526,
      83.41235002921894,
      80.58474047930213,
      100.78002809343161,
      97.33567020657938,
      77.2610102253384,
      81.38338494393975,
      72.20178240636596,
      67.7046119296574,
      79.3122403792222,
      82.13898707472254,
      93.51336845307378,
      87.32944548706291,
      64.69733214261942,
      73.6017303064582,
      69.64210335159441,
      98.86541731480975,
      66.44452521554194,
      85.36774194886675,
      73.53878802136751,
      64.90977188962279,
      60.29199437232455,
      76.72711908031488,
      70.38683886895888,
      87.1549068040913,
      68.6203577335109,
      96.24709063576302,
