{
  "120.0": {
    "obs": [
      69.09123072552029
    ],
    "p": 0.0,
    "toy": [
      24.810855182178784,
      38.46961067261873,
      39.605113391939085,
      33.3792478016112,
      37.233792454062495,
      30.91152029123623,
      51.418884988699574,
      39.75650800851872,
      58.767238043481484,
      49.97173900192138,
      32.484022040560376,
      36.60148942715023,
      42.578654095937964,
      33.652843683434185,
      39.89005137345521,
      56.706324786297046,
      26.879331041825935,
      51.98119987366954,
      27.432484630087856,
      49.44062785280403,
      37.27146004064707,
      40.794822134950664,
      38.95883137686178,
      21.734575697104447,
      36.54097308003111,
      61.38618169061374,
      24.33023237553425,
      46.73839760897681,
      33.934393535368145,
      37.87132188951364,
      26.026056685193907,
      37.347020596731454,
      45.03275889111683,
      47.142010528885294,
      45.08591753226938,
      26.42004015308339,
      41.962168695172295,
      37.05673984717578,
      34.95701080042636,
      38.389746083295904,
      35.733666648797225,
      42.85935934417648,
      26.83426460257033,
      36.77545134583488,
      26.9296614601044,
      20.037069604266435,
      36.556118342559785,
      32.22751406976022,
      24.611509709851816,
      17.13143884704914,
      32.94212158792652,
      30.360391483001877,
      43.174737524124794,
      39.507490660238545,
      20.934401284728665,
      27.14063854527194,
      19.02166111266706,
      36.45912192115793,
      36.45834414585261,
      32.4400824495242,
      24.089103487494867,
      23.38786775234621,
      24.565368194773328,
      25.16453640680993,
      37.949756061891094,
      29.480090138677042,
      51.700956077547744,
      43.39533433149336,
      31.6630945779616,
      38.8632913918118,
      29.072042328480165,
      22.149884677375667,
      28.835596783726942,
      36.304474665783346,
      40.122174149088096,
      24.890213505888823,
      33.46168322232552,
      35.665034402452875,
      31.45479566056747,
      42.239111530187074,
      30.53446188097587,
      22.847560869529843,
      33.844566077401396,
      44.14244447101373,
      27.783295403700322,
      40.00046085001668,
      38.814683669188526,
      32.17926317313686,
      35.18305854930077,
      27.471614736074116,
      38.541557640826795,
      37.73424606467597,
      35.190196384559385,
      46.60885457549011,
      32.63720016728621,
      42.43303135316819,
      36.1643650693004,
      39.17942993080942,
      52.58332270570099,
      41.94969700003276,
      26.99458257376682,
      48.76482506952016,
      44.425799921154976,
      34.21351995738223,
      34.88463753886754,
      34.83287973102415,
      33.72259627649328,
      43.52697050583083,
      48.322582708264235,
      31.004116635594983,
      40.79112875304418,
      37.353062034526374,
      50.753230880363844,
      39.0634802255081,
      23.63806449563708,
      47.792261495487764,
      45.02184218110051,
      22.25749146810267,
      33.04766999313142,
      35.43346772791119,
      37.09840838890523,
      45.344119571498595,
      37.8364413723466,
      21.211306075914763,
      20.473767527379096,
      54.0222988006426,
      38.384467999392655,
      35.94962386379484,
      45.24307378393132,
      22.18693459604401,
      36.876028402126394,
      33.137922702531796,
      38.38396845146781,
      35.93034344224725,
      27.124090828350745,
      45.22583688638406,
      36.05738237698097,
      53.611308064253535,
      32.90721732727252,
      42.9071826916188,
      29.276452298334334,
      28.285539372009225,
      35.5031610900769,
      33.402324472146574,
      30.041674685198814,
      43.173607812146656,
      38.311307236377615,
      33.81450375338318,
      37.83057392697083,
      24.43578982015606,
      32.30054167873459,
      26.717072820523754,
      33.22465487092268,
      21.482806276646443,
      33.13100194919389,
      24.187744720838964,
      41.9542132531642,
      38.061977603589185,
      49.62008385412628,
      27.87580611172598,
      31.937856440548785,
      51.42984063451877,
      27.79018432914745,
      21.357001725933515,
      41.68002442072611,
      23.654874535102863,
      26.012295305670705,
      28.30332162877312,
      42.165811019425746,
      40.008983498904854,
      30.963555088383146,
      34.4643379956251,
      34.440735829412006,
      57.918606050428934,
      61.783465924090706,
      36.03710788261378,
      35.314852740906645,
      40.91205195826478,
      31.79776502889581,
      28.55598539026687,
      23.879505228775088,
      26.302546895691194,
      37.781582248047926,
      33.693052242160775,
      30.93650621752022,
      42.06817229144508,
      38.77672867564252,
      42.09727108664811,
      30.883893523423467,
      37.368484379316214,
      35.4603282759781,
      35.09867832320742,
      48.06945105455816,
      25.600148297671694,
      46.59701079328079,
      30.066114215238485,
      45.14983692148235,
      33.616235160443466,
      23.860224566073157,
      42.61373596498743,
      47.96052217949182,
      44.414823193626944,
      37.929247495834716,
      45.442174004681874,
      47.39693293068558,
      45.47176779527217,
      52.84252958127763,
      47.41518876864575,
      27.87416976701934,
      34.294210794440005,
      47.49485016899416,
      25.489031320030335,
      44.77868078509346,
      27.80210095748771,
      31.94005787849892,
      28.28035054472275,
      53.38800650049234,
      39.15136176580563,
      44.51431934413267,
      48.198874113033526,
      30.18865649710642,
      24.09922930569155,
      20.065598313638475,
      23.90695812017657,
      35.892842816363554,
      26.696545545535628,
      28.96068921306869,
      27.32584195159143,
      37.624809326662216,
      36.778555936180055,
      32.23597103828797,
      32.81039462907938,
      28.092516359582078,
      39.36469489510637,
      24.39292605081573,
      48.51956952351611,
      41.36301901034312,
      33.7979127818835,
      18.041822141443845,
      35.81963425601134,
      25.79845819703769,
      31.40216646832414,
      33.68531757721212,
      46.52692108624615,
      33.65852252149489,
      44.774131769663654,
      30.856784772477113,
      46.03617585537722,
      29.928168300364632,
      46.090655205829535,
      33.51340094389161,
      46.87056821328588,
      35.92070819454966,
      37.84437342680758,
      60.41504108539084,
      34.24936701328261,
      32.73896295716986,
      51.59468683472369,
      39.12822666607099,
      37.53207990445662,
      23.542105090571567,
      30.48956577311037,
      19.976762829639483,
      24.615322604600806,
      29.2556852492271,
      43.1815642065485,
      28.959383572102524,
      28.792937391030136,
      43.92526948812883,
      29.439599823439494,
      53.678816354018636,
      34.42117039830191,
      38.87689577287529,
      24.759537901729345,
      27.567312389146537,
      37.272601682983804,
      37.35345163568854,
      34.86298749217531,
      46.07248194998829,
      38.06168593617622,
      36.83638087537838,
      42.27320932561997,
      17.90421410126146,
      24.751457298058085,
      31.037452827382367,
      33.317992044088896,
      37.08750463090837,
      31.278379345079884,
      41.03759694186738,
      35.504975496965926,
      33.89088116865605,
      32.55802569084335,
      22.024039364187047,
      31.70587979501579,
      26.73379692924209,
      41.510171581525356,
      27.118292336410377,
      21.30591831955826,
      51.455639219726436,
      31.23278517718427,
      32.21548606985016,
      39.441587153298315,
      39.35751008044463,
      33.755185451125726,
      19.991929920914117,
      31.305797879991587,
      42.91099009296158,
      28.60963669384364,
      26.959430950926617,
      37.23637246899307,
      37.890074955590535,
