{
  "120.0": {
    "obs": [
      35.37685910478467
    ],
    "p": 0.004,
    "toy": [
      27.03849693419761,
      14.922053704271093,
      14.163960583362496,
      11.353210396919167,
      12.015745309414342,
      11.777872928971192,
      14.470859450724674,
      16.415787490841467,
      15.224656326085096,
      20.56492705142591,
      7.554417391802417,
      8.413577246799832,
      14.89656311130966,
      8.484045481600333,
      17.77646085890592,
      12.78594109750702,
      9.061239279864822,
      14.9871688169369,
      21.135121075436473,
      16.701942489424255,
      17.749196237768047,
      13.299708098173141,
      16.24530365524697,
      17.866604108712636,
      23.697870319563663,
      30.18674664775608,
      18.68811478978023,
      20.561612664256245,
      12.026605810329784,
      7.094692306389334,
      21.2742924549093,
      11.361106667580316,
      11.410833600501064,
      18.640994268498616,
      15.037700698128901,
      10.952228271926288,
      8.619791714765597,
      12.06396320235217,
      15.771370814181864,
      22.568657138501294,
      11.092944399948465,
      29.976387497416,
      23.377342523948755,
      16.523220386938192,
      16.5027292012237,
      25.274728498683544,
      24.44593112671282,
      14.129457232367713,
      15.373972334113205,
      19.57533554537804,
      15.898114359355532,
      17.95363932926557,
      30.162024430406746,
      18.592087152559543,
      21.76415489066858,
      17.479895829193993,
      25.42512399223051,
      21.316164808929898,
      11.780381753720576,
      19.387032562342938,
      19.142516305146273,
      24.787059513037093,
      13.23538806909346,
      30.000354751420673,
      11.225719478476094,
      9.724775852781022,
      15.781314791500336,
      18.160984325426398,
      18.228542868309887,
      13.8028425333614,
      38.54788373384508,
      28.82059926961665,
      11.284179964743089,
      12.891877980990103,
      9.089277656719787,
      17.096564055187628,
      16.40190133266151,
      28.215914169792086,
      11.714854122692486,
      15.65478035673732,
      18.922730528836837,
      12.528418507077731,
      10.572196087159682,
      11.194711951946374,
      26.75106879044324,
      22.83254258276429,
      11.296605363953859,
      18.158098273095675,
      23.284574068035,
      29.269534718303476,
      16.426480201538652,
      20.48167210922111,
      12.305943781102542,
      20.134168244170723,
      14.658668881835183,
      10.684342828288209,
      9.400992309034336,
      14.6121640476631,
      20.641854080022313,
      28.025291485944763,
      21.663432421220932,
      18.473762965295464,
      21.6057389024063,
      22.880957140994724,
      9.421851864783093,
      10.969175171572715,
      27.992821413412457,
      13.422714695916511,
      10.430299344938248,
      19.31602028058842,
      10.31598022612161,
      10.919188812549692,
      21.683110895886784,
      17.706010603171308,
      14.595103884523269,
      22.45163050692645,
      13.17669747400214,
      18.020248277753126,
      15.433074564876733,
      12.287226240092423,
      24.53385095723206,
      16.6067050153506,
      23.388025862019276,
      13.985997676383704,
      11.78248025054927,
      15.273304371570703,
      10.13564706168836,
      21.791757675498957,
      21.84218044730369,
      13.941427418816602,
      21.13676915387623,
      27.52330086150323,
      15.133802413212834,
      11.713174627104308,
      11.985403493919875,
      18.826686133019393,
      14.081727327720728,
      16.034149122046074,
      11.160454912227578,
      19.69435838641948,
      19.756960255937884,
      25.35839323088294,
      16.16968653834192,
      29.51943030714756,
      13.023365662782453,
      10.689480069442652,
      10.574142509838566,
      26.71298390076845,
      24.953526468831114,
      13.430968270084122,
      17.743372022901895,
      16.318430030252784,
      11.029009997815592,
      24.33004608200281,
      19.57662070626975,
      15.951895983336726,
      16.239785310986917,
      16.040315076475963,
      16.265962444187608,
      10.940809316904051,
      16.094232557690702,
      20.367307332897326,
      13.50053020028281,
      18.56218663099571,
      14.799741113412892,
      30.040459973650286,
      15.359047272067983,
      18.559947414934868,
      33.92892617880716,
      10.44550464709755,
      27.029658725426998,
      12.9319875248475,
      18.000122417142848,
      15.552122153545497,
      18.841015375888674,
      34.16087660953053,
      31.367814391909633,
      29.59937411136343,
      21.2762046395801,
      25.2337423437275,
      4.16808958191541,
      18.260606018884573,
      21.691762354486855,
      9.711832148110261,
      11.744351587200072,
      16.10878309290274,
      14.623142608383205,
      16.131116355158156,
      13.169537746405695,
      19.938364824047312,
      18.071913447405677,
      17.453522666561184,
      15.341670275549404,
      15.399445647577522,
      16.306166724010836,
      18.2757342880941,
      21.419122376217274,
      12.102113951201318,
      19.781442801380763,
      11.177737972844625,
      12.77252399205463,
      9.906324507057434,
      13.293230293696979,
      29.0058271776943,
      30.223729784338502,
      17.380892516550375,
      15.609181599662406,
      14.412771947070723,
      20.07380336560891,
      5.330602351110429,
      28.8588295695954,
      25.79739893655642,
      11.32892765829456,
      18.238545512082055,
      24.528037456795573,
      25.992823630280327,
      17.396480366325704,
      18.798790386354085,
      22.874319440161344,
      18.502837622130755,
      14.700837173208129,
      15.187110026570735,
      15.100524291716283,
      17.073950470163254,
      18.535337041219464,
      13.576025319838664,
      20.496077624644386,
      23.414635143999476,
      16.087864211702254,
      11.305341346771456,
      11.194245793914888,
      26.368852015177254,
      11.930147749575553,
      19.1220205364516,
      16.846031280583702,
      24.28909918971476,
      10.478753375617089,
      16.10155908719753,
      21.965520414960338,
      22.930314613273367,
      21.537762175197713,
      15.427392628102098,
      23.98446793301264,
      9.241272115556058,
      25.519799494970357,
      19.474080075189704,
      11.405884504376445,
      16.138488324912032,
      13.083263855136465,
      14.990285629115533,
      7.589157302310923,
      9.928142576041864,
      26.86088568944251,
      15.589228339551482,
      15.408550456428202,
      18.485206070850836,
      9.968434073642129,
      20.031486420339206,
      29.69920882297447,
      19.349148477980634,
      14.208223754219944,
      18.857357335014967,
      13.163276783248875,
      31.308865940751275,
      4.543166432675207,
      16.085604641091777,
      22.312661712552654,
      12.000400332122808,
      20.55551588567323,
      17.812352726614336,
      12.40339567969204,
      22.218256704538362,
      16.128210020251572,
      18.720226657460444,
      19.714042598352535,
      18.455793645844096,
      18.440899358480237,
      16.229828537470894,
      18.028141086397227,
      11.579751200944884,
      11.541810050519416,
      20.375519820983754,
      16.93999477752368,
      5.433657540939748,
      7.0362118991906755,
      17.524666722427355,
      9.643063498078845,
      20.30467179886182,
      10.850907951884437,
      17.633312392776133,
      28.362324253859697,
      19.77191568352282,
      17.14954612168367,
      17.563443112914683,
      24.561767893785145,
      10.924850960291224,
      22.640791818354046,
      40.912490825518034,
      8.422398569178768,
      11.92668041709112,
      16.137710631184746,
      25.17045589207555,
      15.495667345647234,
      13.97541237346013,
      18.26040884575923,
      10.436950741132023,
      11.92539630952524,
      13.150642953027273,
      19.25134288216941,
