{
  "120.0": {
    "obs": [
      57.89280876913108
    ],
    "p": 0.026,
    "toy": [
      33.18117468256969,
      57.66138211404905,
      42.04611453806865,
      33.59551361238118,
      44.52291251218412,
      39.64358782526688,
      55.85168219645857,
      48.3884520024003,
      35.312437885120744,
      53.63873118037009,
      39.33854392397916,
      62.90825592339388,
      25.958031824498903,
      33.68087952316273,
      39.15004067867994,
      35.829379104456166,
      43.43840353246196,
      36.26571283515659,
      40.08266274040216,
      48.76580655243015,
      30.837476868007798,
      47.025027403229615,
      45.232050294056535,
      41.100045306724496,
      27.83917223860044,
      38.483061125763925,
      43.619058610347565,
      35.2499845236307,
      40.25933566791355,
      37.20508932584198,
      55.024288488639286,
      22.37900818203343,
      29.328212264779722,
      27.41842157530482,
      34.29296316971886,
      34.50093796150759,
      31.693318514648126,
      32.17282193605206,
      51.62558444068418,
      25.278075693699066,
      31.209785668062977,
      55.41640200451366,
      45.92922212922713,
      38.30043067486258,
      33.72566497398657,
      43.12649050026084,
      40.43573268523323,
      31.78119159117341,
      21.03899828568683,
      55.44825504554319,
      45.8338802998187,
      49.7985349673836,
      50.50304180532112,
      49.09595448957407,
      39.26167420644197,
      41.63213880875264,
      39.577579377859365,
      33.60365983808879,
      27.41941669327207,
      34.60230002956814,
      45.740028331551,
      28.045251835341332,
      29.934503920929274,
      49.25556661668816,
      59.741564261872554,
      31.182490186969517,
      26.317390506505035,
      34.513122793112416,
      57.16865122583113,
      57.40629809704842,
      32.12966999397031,
      47.80203594305203,
      40.978766183543485,
      34.33535449655028,
      36.19189934889437,
      32.06084523090976,
      45.94609876873437,
      26.59554714913247,
      47.30563325609546,
      20.974599082837813,
      32.186522637173766,
      23.264463511528447,
      45.95549793061218,
      55.56729537335923,
      39.249053333332995,
      35.41914339544019,
      38.256820164155215,
      24.833829926792532,
      41.07228434793069,
      60.247683485620655,
      42.30953533784486,
      51.72507108398713,
      57.81827058963245,
      49.44265152676962,
      46.46800369897392,
      38.51048420526786,
      34.190881690359674,
      50.20474569470389,
      50.48763005412184,
      36.45898190711159,
      34.52990363998106,
      38.559732052410254,
      42.08911100315163,
      45.4911337106314,
      28.37200832986855,
      46.925287958729314,
      26.175748203037074,
      39.12928579439176,
      30.688732379174326,
      39.35294606591924,
      32.19898468762403,
      63.792483852797886,
      31.769727618899196,
      39.06911551300436,
      43.46212611699593,
      48.03470012167236,
      37.196049520687666,
      41.55519299136358,
      43.23057903765584,
      32.94228360516718,
      25.57185840528109,
      33.584969138057204,
      41.49745320144575,
      51.908072408929,
      41.624260271841194,
      30.836861282150494,
      43.91186666069552,
      33.27286905326764,
      50.030445516546024,
      41.660502713988535,
      33.22276681038784,
      46.08526826399611,
      31.195587388210697,
      20.437756817555055,
      50.076203385484405,
      47.88229197289911,
      38.53811116318684,
      46.36777599985362,
      30.328422521270113,
      34.410576715134084,
      39.88849705684697,
      43.94942748273024,
      45.57508495790535,
      47.23966803273652,
      31.298900065827183,
      41.978290499857394,
      29.844455795333488,
      36.14992740046,
      35.79295670200372,
      29.851399614824913,
      34.65256948853494,
      50.28814278435311,
      39.98574320381158,
      52.670131263002986,
      35.216564032423776,
      31.42273248566198,
      37.230290636158315,
      46.41334574643406,
      31.724817631591577,
      28.814114170934772,
      36.82735123808379,
      40.85603402380366,
      43.40005587504129,
      46.01161397070973,
      53.36396776520996,
      62.164989232609514,
      45.32921027368866,
      39.95971000060672,
      29.825810994807398,
      38.76379171042936,
      47.68212986609433,
      45.78498008780298,
      55.17156396355131,
      27.580738497461425,
      31.832555086992215,
      57.68907596147619,
      44.482144043111475,
      38.290951457747724,
      31.9791104287724,
      30.52622786790016,
      40.29548358646571,
      33.13169933465542,
      42.53926328843227,
      38.87948217889061,
      39.6212026772846,
      43.80763676346396,
      46.94243472418748,
      65.00438779967953,
      46.516431547905086,
      25.653044889244484,
      55.56902821341646,
      38.9028878287354,
      43.89310497796396,
      46.13632992305793,
      47.27689496902167,
      37.42201561213005,
      31.08147829651716,
      45.9155061422498,
      30.49782507895725,
      33.84613661689218,
      38.26099448898458,
      37.01372991356766,
      38.50545678960043,
      44.26704571142909,
      39.69423572148662,
      39.96307569518103,
      38.730700761429034,
      44.94292461627629,
      29.389732961484697,
      26.548712332936702,
      38.96400712887407,
      45.3909739634837,
      34.76585981246899,
      45.94193842439563,
      37.114769473526394,
      32.495555467292434,
      44.71580759817152,
      31.242416534631047,
      27.43875707211555,
      47.675706005102256,
      38.76168288447661,
      28.939644716709154,
      39.08168821191066,
      57.98231114784721,
      54.67882282787468,
      31.678377538424684,
      36.75727420885232,
      33.536646831111284,
      34.78518576969509,
      52.29204023323837,
      40.266078353190096,
      31.073649883299368,
      41.64922356404713,
      42.14262392927776,
      32.654794016852975,
      29.67510512730223,
      41.32517767656827,
      36.91873678055708,
      28.31141025433317,
      32.081848470523255,
      38.58503630704945,
      36.42553676152602,
      38.58559106217581,
      33.454210588824935,
      64.19427116942825,
      51.3085113739653,
      35.17709428325179,
      25.78078089770861,
      34.66494910613983,
      34.05879884652677,
      32.7549466577766,
      28.01978037657682,
      45.26575950230472,
      42.72293056934723,
      43.026460317283636,
      42.27934722654754,
      38.35016339633148,
      37.51337173333741,
      44.78797553834738,
      48.17094939001254,
      62.978320703230565,
      51.29884766013129,
      34.723951026797295,
      31.903420055052266,
      30.483738556329627,
      31.02423355015344,
      32.8518663328432,
      28.519271749362815,
      32.63855028094258,
      35.43013589468319,
      21.251442150154617,
      34.490910703199916,
      45.97827607207,
      30.78205508168321,
      46.102416994282976,
      38.33390276381397,
      40.35677202019724,
      38.69345581709058,
      35.60288347155438,
      44.455177956144325,
      42.57527712470619,
      24.68794337066356,
      39.357237337186234,
      32.024795121425996,
      34.760928436531685,
      35.997989638271974,
      33.99378598629846,
      33.714084117120365,
      41.22112267342163,
      48.15288096643053,
      57.15246498369379,
      44.76924038742436,
      34.01445725400117,
      41.76788558228873,
      41.85017149991472,
      40.74425051291473,
      39.310109649202786,
      39.95037739229156,
      26.22484099221765,
      33.32219127629651,
      48.48932860943023,
      39.82600775102037,
      25.007332050910918,
      36.64491090233787,
      26.397834340983536,
      57.00803615892073,
      33.46246079489356,
      49.065801524411654,
      23.693987026665127,
      22.495610326412134,
      41.086454783711815,
      46.10369311782415,
      37.72946668131044,
