{
  "120.0": {
    "obs": [
      42.8064870259841
    ],
    "p": 0.276,
    "toy": [
      33.94279497725074,
      37.23412273838767,
      41.730912380997324,
      27.183457132807234,
      38.669774013833376,
      25.655754164065,
      55.33450990761048,
      41.13041872976464,
      45.37064226914663,
      27.76500900584506,
      57.821904077834915,
      34.26853319001384,
      37.75244835452759,
      43.50374640946393,
      27.547659352829214,
      28.599922322289785,
      24.63399449113058,
      38.67861173741403,
      48.4380969798076,
      49.497704606241314,
      44.05444429724594,
      26.926167416968383,
      31.756841974973213,
      52.97766870778287,
      37.23243737136363,
      38.14965770143317,
      45.09182825012249,
      46.86177516216412,
      32.65899879956851,
      40.54126335197361,
      41.72146458987845,
      41.639194063522154,
      37.354312913288595,
      46.45013505403767,
      40.80757388236816,
      35.54428118286887,
      40.749009246967034,
      41.00466429151129,
      48.39245251903776,
      25.847658716957085,
      43.66547232877929,
      50.704662988864584,
      45.137394913326716,
      39.74279372926685,
      43.53538556120475,
      49.469496127509046,
      34.461967088398524,
      39.63844901419361,
      27.344318127812585,
      29.605122234643204,
      50.31231124588521,
      46.88315191931906,
      28.258739802840864,
      36.95900607321528,
      47.07095876071253,
      40.95916479139123,
      37.79090758494567,
      28.924913846421987,
      39.481315617566,
      48.42494192250888,
      47.19520358520094,
      36.05086331797065,
      27.32621178388945,
      50.345375050470466,
      52.72026584361447,
      28.93772365609766,
      28.052938701293897,
      36.321151942625875,
      44.17194869247032,
      29.66381442110287,
      46.660950531600975,
      38.161827053903835,
      33.61216085922206,
      31.17872028009151,
      46.29122626638855,
      37.442821639502654,
      32.010668193834135,
      28.634546279208735,
      40.89859367458848,
      24.825883549958235,
      37.71641827546409,
      41.13379691998125,
      57.393763350642985,
      47.62709100244683,
      23.910388076066738,
      35.92418996838387,
      25.46234029455809,
      30.892233941238374,
      23.205762148223585,
      46.999580623873044,
      30.013971050590044,
      32.09134333170368,
      38.949358968646266,
      52.063737566786585,
      29.24622694653226,
      48.69917001290014,
      38.29092165979091,
      49.51122853902052,
      40.201715329807485,
      23.513095808419166,
      27.1180180447991,
      44.50969450111734,
      49.09889198557357,
      43.96744288818445,
      30.199667568900622,
      43.20627360389335,
      55.398697083990555,
      43.91572676759097,
      36.0870612032013,
      24.251903430267703,
      32.54300780806807,
      39.53858957058401,
      40.389583302341634,
      37.69775403413223,
      32.628507610206725,
      44.32400055893231,
      42.01166707408265,
      32.311267548415344,
      29.95944854847039,
      41.01096751887235,
      28.299607106629992,
      33.91356334555894,
      25.297561548562953,
      48.55453926717746,
      51.00477644370403,
      24.046489033993566,
      30.34134808726958,
      58.724547134916065,
      28.16361377213616,
      32.081805850728415,
      48.86973279286758,
      32.09353243021178,
      45.38961225678213,
      54.000407282524975,
      41.32506155123701,
      52.83883722755127,
      38.85275134383119,
      45.206194870959735,
      40.91889729531249,
      31.0402027486125,
      36.496605239692144,
      50.38420069904532,
      29.743825413112063,
      43.090918728965335,
      32.788965239946265,
      32.69054345617769,
      43.56419909620308,
      48.38379999942845,
      42.511995261273114,
      43.143904552969616,
      58.90301305038156,
      30.3959965503891,
      40.649918843759224,
      24.670177115418483,
      40.204116387089016,
      35.80652115933481,
      22.415588493895484,
      31.87810684138094,
      51.08560289442539,
      27.051801528345095,
      31.679412987316027,
      40.75656928154058,
      18.161492848943453,
      55.34808557989891,
      21.970865506853443,
      54.23851568624377,
      32.847786476428155,
      41.13020796873025,
      48.08434865740128,
      27.62237573065795,
      46.45480998506537,
      56.75500545400428,
      45.961562139273155,
      48.020066942088306,
      36.82244141731644,
      42.26700033058296,
      40.02120530567481,
      53.57306043364224,
      83.14419730758527,
      30.815161123260623,
      36.03439238600549,
      46.228220162010984,
      33.08301052174647,
      36.77396003337344,
      40.107805956416996,
      41.38938546425197,
      51.58224278117996,
      30.937425915995846,
      37.98407210185542,
      26.770723254128825,
      39.90580506011611,
      26.626353845524136,
      26.141355133237084,
      38.89243880586582,
      43.27768628767808,
      40.74119946692372,
      35.45268660332658,
      35.51062397408532,
      40.367091596126556,
      31.73339386031148,
      33.10198281571502,
      32.868908104108414,
      41.52934018606902,
      35.15159690080327,
      48.222136517520994,
      24.838485428423155,
      33.72813403425971,
      36.78281342543778,
      26.84278724694741,
      38.80140973962261,
      29.943621938262368,
      26.794331083860015,
      28.857302229007473,
      26.851415766548598,
      42.0819114317419,
      27.8887826379505,
      40.74805972381728,
      47.938397453632206,
      29.55900527787162,
      30.974636223050766,
      35.283409563067835,
      28.251187163463328,
      34.335829479270615,
      40.81015630517504,
      42.61073410944664,
      28.090875255409628,
      31.51092232952942,
      34.39240769940079,
      31.14561030160985,
      42.333353647671174,
      32.43699024422676,
      47.10352347671869,
      31.340667019190732,
      38.6145794771146,
      33.34585687192157,
      34.041592490364565,
      42.96678578449064,
      37.24807799197151,
      39.28968451410765,
      31.445590334158624,
      31.270469350653002,
      51.51829574687872,
      30.812565483007347,
      44.68331753037637,
      43.45998306633555,
      47.91111622584867,
      75.8356660886493,
      25.690556618210394,
      26.68634999077767,
      28.081348026753403,
      30.957494742644485,
      32.82847210872569,
      31.796259281720268,
      32.92556653713109,
      41.310436314117396,
      21.025724023085786,
      22.73524082530639,
      36.37585871605552,
      33.076275838626316,
      56.36942701865337,
      42.31526751976344,
      30.212714766035788,
      44.26350625534542,
      32.67138155025896,
      42.88883547531441,
      38.72635798002011,
      29.563227594160708,
      38.05363231655792,
      36.51319661454181,
      40.99729789322009,
      32.00152980381972,
      31.08868533594068,
      22.067328829492908,
      25.865551329799928,
      45.22217698636814,
      37.726139200734906,
      38.124248007981805,
      31.169076151330955,
      35.66225763037801,
      43.62681847825297,
      60.26698216231307,
      42.3251653011248,
      49.87208764089155,
      49.26106388273183,
      34.195605067070574,
      45.81611602238263,
      46.70988523593405,
      33.85104036552366,
      34.49526179477107,
      38.44740063152858,
      36.491934958001366,
      42.13667014410021,
      35.59510743024293,
      46.20261006557848,
      39.45263764463016,
      37.47042962562409,
      41.37071494103293,
      48.20195070124464,
      39.40946926566539,
      35.8966165491438,
      41.752547410840634,
      35.26012619701214,
      34.41327014329727,
      41.04904278391041,
      37.44781103319838,
      36.96294804426725,
      36.27994525214308,
      48.28003333174274,
      41.02788934903219,
      32.12015772299492,
      33.560877085110405,
      20.976611254533054,
