{
  "120.0": {
    "obs": [
      188.742951676948
    ],
    "p": 0.0,
    "toy": [
      87.34852663939819,
      120.04378765053116,
      118.3575581072364,
      90.0000997610623,
      79.87853960460052,
      117.09685489546973,
      116.22989397298079,
      110.43334917584434,
      88.74467953445856,
      114.61078056122642,
      89.82466073764954,
      94.9139983340865,
      124.1019097090466,
      98.10440026130527,
      111.74491102970205,
      93.81243065011222,
      108.19962928851601,
      130.51350829936564,
      106.95372510701418,
      132.6412608360406,
      101.99889633979183,
      145.49294393928722,
      132.22831012890674,
      121.49944070121273,
      92.2171018839581,
      115.94953281211201,
      118.59899097040761,
      111.44185484631453,
      110.26658615085762,
      113.35813465213869,
      110.97554688097443,
      150.80516554124188,
      93.63056155771483,
      109.89695997245144,
      109.73177632770967,
      128.17425075429492,
      108.85267768241465,
      94.03982244874351,
      107.77271758194547,
      87.97879353084136,
      129.89458644168917,
      122.79801971418783,
      117.58095694927033,
      116.23077709996141,
      78.1686260147253,
      93.20969952177256,
      106.65267600514926,
      126.53638900211081,
      112.31875074934214,
      122.62634730606806,
      113.4723163486924,
      110.76580158865545,
      113.2523670544615,
      105.2561128041707,
      122.13095170736779,
      115.35622181277722,
      108.12289578653872,
      116.82942451862618,
      85.31534243293572,
      106.26384383591358,
      82.884869769332,
      93.53855554957408,
      103.44942622922827,
      143.2678268920863,
      97.16907951550093,
      113.91309361276217,
      126.34486396471038,
      97.98906945856288,
      92.10418115044013,
      114.04924649035092,
      134.18231169588398,
      129.54343386064284,
      100.03489571146201,
      111.27555328654125,
      105.97293333080597,
      98.05295617773663,
      112.92375993507449,
      128.19551262946334,
      126.01408527162857,
      108.93957238190342,
      106.14855599729344,
      102.56673531339038,
      111.6823179484345,
      120.74225268873852,
      117.39967570465524,
      107.1644084068248,
      88.41534418403171,
      104.37436789902858,
      108.79829156817868,
      103.94578075117897,
      91.58288026123773,
      114.67787366081029,
      130.04860795638524,
      91.68320379999932,
      104.10340588842519,
      114.91234234487638,
      92.13218424783554,
      122.51490383967757,
      112.67277479590848,
      116.30726661148947,
      91.19255119678564,
      134.82729280518834,
      133.6686742537422,
      99.02745084243361,
      117.81731259427033,
      102.41985929140355,
      113.10652668622788,
      127.52378391020466,
      111.79179733456112,
      100.19836784049403,
      103.90395393723156,
      132.66241845325567,
      106.12039301975165,
      91.30828306439798,
      103.62928488920443,
      136.09407852299046,
      128.6750048781978,
      116.75499395490624,
      139.84289723820984,
      99.85544769105036,
      109.62922771531157,
      106.3810794367455,
      105.30188917811029,
      119.87832707935013,
      114.76171016355511,
      110.38908098754473,
      112.60369587049354,
      109.0036741644144,
      82.70717483095359,
      117.08010938530788,
      142.78181490278803,
      114.2335325932363,
      104.02066874294542,
      123.27687111170962,
      139.98984839371406,
      135.98285453976132,
      124.96370893844869,
      114.41564538888633,
      103.07646330061834,
      125.54981107579079,
      127.05694682546891,
      99.7666185508715,
      89.26107528549619,
      117.64876496233046,
      131.00974731566384,
      122.73408685915638,
      114.97123602358624,
      97.31342045648489,
      83.95956125750672,
      113.78279221244156,
      120.57940152194351,
      101.73194692458492,
      129.57414213335142,
      92.91978084482253,
      107.76576717942953,
      99.53818563651294,
      111.67654614057392,
      130.1828253736021,
      118.70888278912753,
      142.14782391418703,
      103.52015482250135,
      109.45480655494612,
      143.15753401524853,
      106.09488508838695,
      113.0081180066336,
      97.56820451444946,
      82.75427283952013,
      75.19038756983355,
      102.17532406316604,
      122.97834742220584,
      96.67243908601813,
      108.26604524313007,
      111.54949595534708,
      98.85321278835181,
      111.87651017960161,
      114.5263643845683,
      126.9128380974289,
      110.72968050208874,
      115.03979757835623,
      96.37887833919376,
      113.07709262473509,
      110.19540606928058,
      130.90126739884727,
      123.77773249486927,
      107.49680140416604,
      124.0258822379401,
      108.45432006276678,
      89.07841448392719,
      109.29652382084168,
      95.8513482256094,
      90.48504066222813,
      122.63859901856631,
      106.86945054936223,
      137.27508494257927,
      91.13752378092613,
      130.83026893390343,
      110.6046548144659,
      124.94714531581849,
      83.28314503130969,
      91.70273165416438,
      139.74121062876657,
      103.90110025811009,
      110.44497052987572,
      103.95103784289677,
      108.14593113597948,
      117.15849392313976,
      92.57926189363934,
      98.52775123645552,
      117.62246798560955,
      114.01625647407491,
      92.70587885275017,
      107.65027520130388,
      102.03105821611825,
      108.63138157536741,
      113.46955894166604,
      100.50497891299892,
      100.65566434373613,
      134.189419365488,
      108.44811893312726,
      114.65920812659897,
      125.82951214339118,
      105.03062464261893,
      129.30084241915029,
      114.96048028662335,
      91.13206672074739,
      137.43013770401012,
      95.74687823804561,
      114.48240965534933,
      94.01913228014018,
      126.42953824240249,
      106.6386505557457,
      110.70550290914252,
      139.59514755010605,
      83.11956522590481,
      85.9312397922622,
      101.68716080673039,
      59.37546592974104,
      104.55824342975393,
      103.14491250994615,
      124.3831187991891,
      113.57855919818394,
      107.53409121616278,
      109.90321264788508,
      119.65644348040223,
      106.39095366257243,
      116.09483411011752,
      99.06649616581853,
      80.24729358952027,
      115.00378353276756,
      107.75223283015657,
      143.18806794891134,
      111.01019320555497,
      105.08679778454825,
      95.44992131949402,
      111.31225716753397,
      118.57010990183335,
      112.29910587321501,
      118.75746958935633,
      119.41023502603639,
      116.82719586929306,
      110.0688928469317,
      111.65240098745562,
      114.24027635261882,
      95.43217845074832,
      110.57901888969354,
      101.66136918158736,
      110.03491297992878,
      82.11586961778812,
      113.79152381431777,
      110.05486556654796,
      127.71209941117559,
      124.25302146386821,
      119.4924483562354,
      118.68052965553943,
      86.3953459886834,
      89.22074931615498,
      121.82243620243389,
      113.65686089592054,
      100.24952327809297,
      130.54519202932715,
      105.4045251297066,
      101.41859010187909,
      134.56335782294627,
      122.56330010422971,
      89.12770378182177,
      93.95580882159993,
      114.02716941258404,
      119.9804674849147,
      115.24828115582932,
      104.46123664092738,
      127.6049877385376,
      100.16439145349432,
      108.53443603462074,
      102.08164823171683,
      105.66122565208934,
      123.03751505259424,
      94.59611528820824,
      88.90249057090841,
      113.84131432732102,
      111.23514007707126,
      111.68977331498172,
      103.01420494716149,
      102.96559521695599,
      143.03374976315536,
      109.57385207654443,
      93.11993678298313,
      122.54780830198433,
      103.4111865782179,
