{
  "120.0": {
    "obs": [
      35.12445943738567
    ],
    "p": 0.014,
    "toy": [
      17.383053687022766,
      34.34239013539627,
      13.455819879309274,
      24.537420471780933,
      21.30804395180894,
      13.881373870157404,
      15.73438344040187,
      14.454475255479338,
      25.609139714739285,
      23.92663652342162,
      12.29375026084017,
      8.480798563890858,
      15.360015068174107,
      18.938638224906754,
      12.233041987288743,
      17.614885178627446,
      9.372583649324952,
      14.968285377486609,
      16.84120630720281,
      9.834051463752985,
      19.614237124100327,
      16.752396668016445,
      16.58341522802948,
      21.610351205512416,
      12.688907335221302,
      22.638182669354137,
      24.151224822213408,
      12.58805961534381,
      15.82000957953278,
      22.956362258904846,
      19.297210193501087,
      13.353341862472007,
      14.235126057086745,
      19.516816898540128,
      9.67197340563871,
      18.65620305808261,
      11.487226829514839,
      24.82971401582472,
      12.226741113321623,
      17.051379326177994,
      16.26169428008143,
      10.50469615162001,
      11.701495310873725,
      25.27083965583006,
      22.28261391268461,
      19.22073946756427,
      15.069072163751116,
      10.522571935813176,
      14.639078646694543,
      12.95903557082056,
      29.239190048509045,
      14.402073139761342,
      16.60341187583981,
      20.505849948036484,
      13.508572249353165,
      29.32033387964475,
      21.112870263546938,
      32.26517690400942,
      42.72115142151597,
      14.39261445691227,
      16.898335086618317,
      18.070190528902458,
      17.071490539528895,
      22.18147966347169,
      21.441239779960597,
      28.26105064249714,
      18.67309986494365,
      16.56387814664049,
      17.30276175151812,
      19.04573537327815,
      8.320733111730078,
      22.326735214475775,
      15.383377681777347,
      9.376422402769094,
      18.6409517119464,
      17.568291814328404,
      13.945201944734436,
      31.343333328142762,
      17.003604199999245,
      14.279758021410089,
      12.012904689298011,
      14.05803167776321,
      19.427354582352564,
      26.295118523121346,
      21.62335693446221,
      18.048777910968056,
      25.0035457573249,
      9.30295959036448,
      6.6931535620533396,
      20.64732809877023,
      16.68073022531462,
      16.281672384677222,
      14.284698439761996,
      19.45623028036789,
      17.741351350268815,
      11.72679300775053,
      24.609620969713433,
      22.976655025966465,
      17.195279447973007,
      21.556947280449094,
      12.35656520939665,
      17.404269223974552,
      13.046461655845633,
      16.663851925113704,
      14.590690185781568,
      16.098291406349745,
      14.75492668437073,
      17.560924938006792,
      22.462828270130558,
      26.733258601627313,
      16.152051902754465,
      10.35715250132489,
      13.995771984453313,
      14.21432615359663,
      29.287613669672282,
      8.23788437206531,
      10.624088120210217,
      24.40732276585186,
      20.62089564150665,
      21.9384769059252,
      18.660774600779405,
      19.87178051416413,
      11.219530824077083,
      12.514184345374815,
      21.043045359372627,
      16.545718636596575,
      23.327801014413126,
      19.80775062018074,
      25.028769396158168,
      22.44950443151174,
      28.154335330589674,
      20.655887808447005,
      21.41728398145642,
      47.67693404678721,
      15.698692914040294,
      27.95093359402381,
      21.29791648563696,
      1.730556744907517,
      11.51698195002973,
      9.09733046029578,
      9.93507588817738,
      20.78300644198316,
      8.91852630439098,
      16.673895909276325,
      15.509522381296847,
      13.464794391591568,
      24.419591291778488,
      7.168782970577013,
      14.732095773884794,
      21.66934385872446,
      27.768963688868098,
      22.802144056011457,
      11.992600939091062,
      25.656836009206017,
      26.632371658517513,
      16.43911853793543,
      9.25144668406574,
      18.721152491256362,
      11.070092103182105,
      19.940265417622868,
      13.338030269223964,
      15.27929761382984,
      22.697418177849613,
      8.7884559998638,
      23.999798522738274,
      19.65211637574248,
      24.514591062412364,
      19.937009526853217,
      27.00325170866563,
      14.714041834813543,
      19.753591120563215,
      23.07561313372571,
      16.83538714860333,
      8.280852033640258,
      9.104690030711936,
      26.51119266526075,
      13.187520794948796,
      23.0600053461676,
      9.703682823048439,
      20.87403258800623,
      10.887735888303723,
      12.803838642692426,
      14.917187954270048,
      33.28068909814465,
      11.094007788022282,
      21.482333793130238,
      25.8863784649875,
      18.840284443518613,
      12.318824622343527,
      13.914062746014679,
      13.668452935555251,
      26.709081293083727,
      12.437250562186819,
      25.72726439256803,
      22.464865961723262,
      15.90617912230664,
      14.782602263003355,
      19.522071587503888,
      22.410637456952827,
      20.005441578658065,
      19.621580131410155,
      12.345989519584691,
      19.584643500304082,
      7.881228911632206,
      29.79970806906931,
      31.670376338646747,
      13.32638627893175,
      14.33984454604797,
      37.235994439251954,
      19.105107454699464,
      14.94715243417886,
      15.539003389887512,
      16.368017731932923,
      17.492803503700998,
      23.232601422350854,
      15.722565438802121,
      17.91023001659778,
      19.96787989657605,
      23.582933476980543,
      24.01346024501254,
      17.871432955027558,
      8.79519645468099,
      31.09529670959455,
      10.433588961837813,
      10.28258570676553,
      13.260884693678236,
      27.25771927650203,
      11.739328628842486,
      19.3985874663922,
      15.148588670475874,
      6.567790739500197,
      14.135957069869619,
      11.175409180432325,
      22.31550035183318,
      27.124547137646005,
      30.61409790738253,
      9.598693332867697,
      28.935701452253852,
      19.79766051986371,
      16.03119251280441,
      20.825324011122575,
      26.02417356366641,
      17.38736479706131,
      34.78578746537096,
      10.267989715852309,
      25.549478937900858,
      15.455992834817152,
      20.732605715689715,
      18.166217142133974,
      21.98331388886436,
      26.121572193544125,
      24.604707403777866,
      28.606743918324355,
      32.53586072806502,
      16.147044624434784,
      14.134085022757063,
      10.949701597332023,
      11.257003724167589,
      11.82841231013299,
      22.088193415373098,
      33.84487873039325,
      15.782979100826196,
      11.115888944274047,
      24.996134543296648,
      27.20692604139913,
      22.96954355374328,
      17.454772185126785,
      15.631505449971883,
      15.25125236166059,
      32.50328296123189,
      10.992861286591506,
      11.051455533277476,
      28.855143690132536,
      18.004285136674298,
      15.191275991965085,
      14.168596408766462,
      18.31228022297728,
      12.284848336974392,
      26.8136878029909,
      13.520240400219336,
      18.978408274706453,
      17.27812523461762,
      19.314431389560923,
      21.2454852493247,
      16.985638218699023,
      22.56406421761494,
      31.666179032763466,
      16.869390099076554,
      20.124108558433363,
      15.28465417199186,
      33.00106734302244,
      26.790048273891443,
      23.520847090956522,
      38.06975151007646,
      12.910027952399105,
      13.897430436161812,
      10.948895370325772,
      22.276491543860175,
      11.53799669732689,
      19.68438260012772,
      7.478381152759539,
      10.080556998902466,
      28.046387447044253,
      12.756330347969197,
      18.581703492847737,
      7.718287191411946,
      8.600206268311013,
      12.457625589740928,
      9.535411066695815,
